Date,Equal Weight,Historical Min Vol (matched),Historical Min Vol (252d cov),RF Predictive Min Vol,SPY Benchmark
2024-01-03,-0.0012783227156783251,0.00034620413728306395,-0.0008511800717751392,0.00010544678034338834,-0.0081668136642574
2024-01-04,-0.00287419765228419,-0.00021698135712254943,-0.0008361027277540834,-0.0015580784874996794,-0.0032209416128972
2024-01-05,0.000532613162402065,-0.00022668323638880383,-0.0010995322284032916,-0.0013107397579544791,0.00136953408324
2024-01-08,0.008257332344814771,0.003735100442890092,0.0021332774486916423,0.0035436482748793345,0.0142761209247233
2024-01-09,-0.0023332864827453146,-0.0020977019667499635,-0.0012567384655005726,-0.0020282220779648404,-0.0015171941605777
2024-01-10,0.0030537801975602545,0.0018653226592939116,0.0005596898998771768,0.0009173644765288401,0.0056555316311188
2024-01-11,-0.00217317126307392,-0.0005026421922455144,0.0003991863883999404,0.0011222466019456389,-0.0004407389796123
2024-01-12,0.00305742305737181,0.004007057688006093,0.004737743125539302,0.003884943874374361,0.0006928480695325
2024-01-16,-0.00732291112529562,-0.005238316657354589,-0.006904784356221187,-0.007861467594187871,-0.003671240707883
2024-01-17,-0.00745970718073889,-0.002901660375169617,-0.003607496000423654,-0.0039726755897764,-0.0055586946897498
2024-01-18,0.0028654774629205356,0.0028171574539746793,0.00241246055615745,0.0016032706653746562,0.0088928103330867
2024-01-19,0.005114232128831506,0.0039199701702772845,0.0013425559420936627,0.0022624515052006113,0.0124660828210911
2024-01-22,0.00228790035315605,0.0006204628171559464,-3.467103252237997e-05,0.0009170737722744211,0.0021143869939459
2024-01-23,0.005072383094812361,-0.005191579356207037,0.0010491134066974996,-0.0001486975299273749,0.0029165435453932
2024-01-24,-0.00229321537126444,-0.0028554668603186974,-0.004817422820989699,-0.00310551216347315,0.0010931330701962
2024-01-25,0.0069203156108868,0.003893423998141304,0.0045223442110683175,0.004736162996395776,0.0054387768102091
2024-01-26,0.001250238529047615,-0.0014562357449642758,-0.00013271430322924212,0.0005064764687680248,-0.0012703342866637
2024-01-29,0.006504949472758561,0.004659129652646692,0.00552032618663275,0.00490355422681065,0.0079193083119939
2024-01-30,0.0017649575654596224,0.0068804908151954575,0.004741892702370824,0.0047894628156123385,-0.0007733641731895
2024-01-31,-0.008043858700127075,-0.0053391352818946275,-0.0032318206144694266,-0.0030194215058232557,-0.0163173886337441
2024-02-01,0.01180615475998648,0.01064947159933376,0.009127526554179368,0.008437002503537487,0.013088245442933
2024-02-02,0.00167816216202843,-0.0037951752853150698,-0.0045284489288594494,-0.0028689535028410566,0.0105274245211861
2024-02-05,-0.004676797882530615,-0.004504718012330168,-0.006202589144348378,-0.0037523735478435416,-0.0036411957005959
2024-02-06,0.004471597616198145,0.0030219448201371426,0.0045485497508240625,0.0039002815458952034,0.0029031899601519
2024-02-07,0.004340443992517651,0.0025789579334741975,0.0026151592497974385,0.0025199943909230706,0.0083404963133724
2024-02-08,-0.00130396721809519,-0.001120500152979625,-0.002377801554135197,-0.0010957647513936846,0.0004416242430942
2024-02-09,0.0006518133094736198,-0.001186157545047261,-0.0017898958492998608,-0.0015079099382905793,0.005779335948262
2024-02-12,0.0008745748975086353,-0.00016143283971750414,-0.00023043713750491016,-0.00010763224507947995,-0.0004388927883461
2024-02-13,-0.011903888962290655,-0.009600186682548103,-0.008377316132926565,-0.009822978574451028,-0.0137729894706707
2024-02-14,0.00467964969684348,0.0034802770797507866,0.0016472437343683867,0.003112166318007763,0.009087603235319
2024-02-15,0.009086858269522097,0.006251668053097873,0.006864114608385044,0.007200963353669682,0.0068997306531699
2024-02-16,-0.00119269849445385,6.979924143237155e-05,-0.0007754862113953986,1.2550523169092117e-05,-0.004980099142318
2024-02-20,-0.0038030159436698344,0.004982882634498249,0.0033406745894734133,0.0015691613592169692,-0.0055052564937461
2024-02-21,0.004438935330511927,0.0021632442028388763,0.002978084696635775,0.0020133893180418355,0.0009058827445727
2024-02-22,0.00982654701927097,0.004765453832655784,0.004893848618775623,0.005746704896094194,0.0206955516229798
2024-02-23,0.001034484961473275,0.002696367530034878,0.002512050335326094,0.0027294358727971485,0.0006895959594583
2024-02-26,-0.004574459311493625,-0.0034638289523920398,-0.0033111185810681927,-0.0030606812070700785,-0.0036625170438527
2024-02-27,-0.0014021212573370303,-0.0024040785039144198,-0.0028902177333013216,-0.0020274799321166543,0.0018576239189489
2024-02-28,-0.0005960250975190201,0.0015305227967728565,0.0008064362355133665,0.0007308173630927137,-0.0013215168922715
2024-02-29,0.00245035177957045,0.002288636406556212,0.0002556593149040142,0.0025395291121936745,0.0035947815307666
2024-03-01,0.00575371015895166,0.003545646934637132,0.005148088992958113,0.007914473607374378,0.0093884556195007
2024-03-04,-0.0005073330035983852,0.003500906870362092,0.0025965465826447774,0.004019929724951439,-0.001072521479854
2024-03-05,-0.005830424669718416,0.001531267935826794,-0.00041259500661831384,-0.0003809418273957333,-0.0099940695152958
2024-03-06,0.002704292125634595,0.0028751635291387116,0.0033228330043801255,0.0036650606809007684,0.0050671912522999
2024-03-07,0.004164929114008306,0.0011334383790565685,0.0024892948476079252,0.0032765778862825466,0.0099263905257274
2024-03-08,0.00105824165507664,0.002764509786665314,0.002077748510059132,0.00013975638497735956,-0.0060020874117565
2024-03-11,0.0001456728147054953,0.003627195957153388,0.00348237519612301,0.00032472547159410854,-0.0008599241494925
2024-03-12,0.00457058937245699,-5.7987903824569175e-05,0.0007895772965155314,0.0014019549748219553,0.0107574116000594
2024-03-13,0.003721329202218356,0.002298397695449547,0.00352809471257711,0.002860495706024921,-0.0015674686798269
2024-03-14,-0.00036208903359490004,-0.005364110384690444,-0.00214065197790209,-0.0038524441206577976,-0.0019768218792336
2024-03-15,-0.00330490137558525,0.0009531267325604439,-0.0032072752319305376,-0.0016851910818339877,-0.0068665849641978
2024-03-18,0.0036453337512941204,0.0023864183046819957,0.002284144575893867,0.003173402370873216,0.0059431552345705
2024-03-19,0.0062463314042815405,0.004206660980910911,0.003791293241643023,0.003804905590319599,0.0055570276248468
2024-03-20,0.007169387205514214,0.007127347336959237,0.006678849094872907,0.006845038634114253,0.0092493427033493
2024-03-21,0.0008491250303771246,0.001516507920041944,0.001072884636204178,0.002236750110541343,0.0033046716897402
2024-03-22,-0.002602380517591595,-0.00306415622824839,-0.0033336876597269715,-0.002559409156158352,-0.0018958134439868
2024-03-25,-0.00164211534652088,-0.0034341879731235392,-0.0019004311625063163,-0.001314832784397753,-0.0027627134879406
2024-03-26,-0.001068265687350315,0.0022343355049236836,0.0019983808754156515,0.0018725541239316807,-0.0018469717766842
2024-03-27,0.011897939341270862,0.010900574811580355,0.006513671296106458,0.008363591748450014,0.008403622778631
2024-03-28,0.001882149677822485,0.0025155965040184252,0.003594982964774207,0.0035502349920741943,-0.000190859301171
2024-04-01,-0.00474737483503887,-0.0060105058325553495,-0.0022753485615445244,-0.00609920970073195,-0.0017401110946072
2024-04-02,-0.0039754272815036955,-0.002761417082561249,-0.002066445947863061,-0.0037238207127478725,-0.0063578972716445
2024-04-03,0.0013644160212031742,-0.006757358999828116,5.33859127512477e-05,-0.0018275425955348128,0.0010984749410591
2024-04-04,-0.004461165535040244,-0.0010198553239439815,-0.004277196603824478,-0.0012112526132453305,-0.0122059705103886
2024-04-05,0.00808655386619554,0.0020469234528758475,0.006670508940415047,0.0018807563431920285,0.0104467344211895
2024-04-08,-0.00097963378865093,-0.00158877709610122,0.00047728663240633146,-0.0007966546012349118,0.0005592537544236
2024-04-09,0.0014057135266770148,0.00283292640328332,0.0025938195802802854,0.0024957810076943524,0.0011569133517939
2024-04-10,-0.008794387096991261,-0.005383376953971338,-0.009091796557272906,-0.008929913588091717,-0.0100130445921068
2024-04-11,0.003628044268975285,-0.002649481752814789,0.003975348306895533,0.000589058824053689,0.0075467405600819
2024-04-12,-0.011281395510432474,-0.0057171750448519396,-0.011876193738297215,-0.007379628776619208,-0.0138030293624755
2024-04-15,-0.005013525523527744,-0.0017839857512077244,0.001243530135558618,-0.002668601750391528,-0.0125281061213522
2024-04-16,-0.0028185805635774983,0.001104605383876539,0.0017473677684053256,0.0007979854500132566,-0.0018237255045222
2024-04-17,0.00194364797652418,0.004704529875734211,0.001694533137933883,0.0034585479073929214,-0.0059183618848681
2024-04-18,0.00026369166706099805,0.0028077283596632434,0.002487456859863154,0.0009946923434233257,-0.0020577059283769
2024-04-19,0.0006679355112205698,0.006024595083658065,0.005890881028002127,0.003958286364804191,-0.0087284607160603
2024-04-22,0.0021594238677157995,0.0019070590440359626,-0.0028264201298873314,-0.0009513854679185584,0.0092093253058398
2024-04-23,0.00831986650001567,0.004051782869443309,0.0031780394480211854,0.0037232234300270993,0.0118666368385789
2024-04-24,0.00027657523036990494,0.0007773532769822632,0.0015845629110181683,-0.0006843392916451416,-0.0004746523673456
2024-04-25,-0.005063046785656346,-0.0009639322281344813,0.0008323178313187358,-0.0007008412409163789,-0.0037990221536245
2024-04-26,0.0034023068151999244,-0.0013913894016155857,0.0014819736078576899,0.0018451660424198305,0.0094740171345255
2024-04-29,0.0059631405144162705,0.0026668996053790337,0.0010421156160803499,0.0025526358534853476,0.0035414887818734
2024-04-30,-0.010674121811428312,-0.005313053503929154,-0.008260042083671159,-0.006332809576129,-0.0158412876389648
2024-05-01,0.00096293733657904,-0.001824694534361167,0.0010813569708071453,-0.0008901251798707448,-0.0032470254850324
2024-05-02,0.006050736696645105,0.0017729501974948138,0.0028021947025560277,0.0029176306007862784,0.0093533238048741
2024-05-03,0.0066058515926058145,0.0016799676668404478,0.0029854563233256246,0.0019550237492273353,0.0123953325435501
2024-05-06,0.008910361258852525,0.007769747337171564,0.006630606388968262,0.007531205509370325,0.0103269181377565
2024-05-07,0.004023953368291926,0.005045026132949239,0.0028578854138664863,0.0032136149827585534,0.0011032412748137
2024-05-08,0.0008451664421380053,-0.000653349401515642,-0.00021127923073596626,-0.00029501982919745125,9.672418927753056e-05
2024-05-09,0.008734825231718972,0.005745504809944651,0.007088038045585018,0.006330135333896756,0.0057618650498401
2024-05-10,0.00108011934820559,0.0014501597431373146,0.0033083303436571183,0.0018661183773499492,0.0012881687006938
2024-05-13,0.001056167349315265,-0.0011651532165441376,-0.0023420733477104902,-0.0010368320808475872,0.0001340667692224
2024-05-14,0.003916537004999001,0.00033658980011901953,0.002636553815388502,0.002534714261349477,0.0045884037080496
2024-05-15,0.009253343117069051,0.007976773776199373,0.008591748537196993,0.008577488894256512,0.0123831262431817
2024-05-16,-0.00388902603661707,-0.0021981413690501596,-0.0010890688003044808,-0.0018961466224939679,-0.0020577575341174
2024-05-17,0.0025411403857961952,0.001583847808747936,0.003927194244844059,0.0026956959588621287,0.0014375435634979
2024-05-20,-0.0016454751959626903,-0.001120215147848566,-0.0018129780809729868,-0.001520113507959431,0.0011524092622734
2024-05-21,0.0032639744221739406,0.0004705106112799201,0.0021908168245274467,0.0025652610911656762,0.0024522295931146
2024-05-22,-0.004141784050887566,-0.0031789162556299135,-0.0059605914429424565,-0.004641736698035897,-0.0028791607718797
2024-05-23,-0.01019642733126596,-0.007070821615931486,-0.010091503614241295,-0.008474353194344116,-0.0073043977817307
2024-05-24,0.0032483382033541247,0.0007165078050300734,0.00015839847381870074,-0.00023995062237405082,0.0066166335398012
2024-05-28,-0.002885318867094981,-0.009206847021410895,-0.0030028110396102393,-0.006405066341642873,0.0006986330659797
2024-05-29,-0.009214651367653887,-0.00990554559301198,-0.008732945504842405,-0.00964841892736689,-0.0070023939960212
2024-05-30,0.0041166760957624055,0.008236577858034702,0.0039149071417838195,0.004375267786052408,-0.006633816295271
2024-05-31,0.00950033292841263,0.012933390628025482,0.008476193048177618,0.012222243667674052,0.009108334135929
2024-06-03,-0.0004899293359350902,0.0023617316051902227,0.0018354443836751618,0.0020636963295955573,0.0008152403229582
2024-06-04,0.002446562672812715,0.0073745460705631205,0.003349800949998821,0.0055748103522042375,0.0011178898116688
2024-06-05,0.00349409641697092,-0.0004703504093472276,0.003288391622139039,0.000885357229240723,0.0118850612509848
2024-06-06,0.003090326539576375,0.0038914998569125944,0.004308727470433749,0.003069918290488621,-1.852301249838373e-05
2024-06-07,-0.00537317987245236,-0.006537687473894351,-0.009967969282062622,-0.006802549727147165,-0.0012157417572239
2024-06-10,0.0016377847417600104,-0.0021345629808297655,0.0006435452671142126,0.0006601081417024811,0.0030897708548087
2024-06-11,-0.0004039838173996556,-0.0002914910182580989,0.001369824463776781,0.0004983651625422766,0.002408221654687
2024-06-12,-0.00015398496559088456,-0.003955008007670326,-0.002669628424647038,-0.0019148747394721595,0.0082131093861355
2024-06-13,0.0024047529237746544,0.0038032593347209166,0.0021407549680967906,0.004298371048708528,0.002013393833566
2024-06-14,-0.0008820758672582749,0.0008394842694901324,0.0017870808553315171,0.00020704041194974837,0.0006083856691376
2024-06-17,0.0009599877737509599,-0.0011043449224807757,-0.0011691719074467663,-0.0013739714588649025,0.0079590591172626
2024-06-18,0.0014853642171835301,0.0031290785948439636,0.002796728157480301,0.0027235942825786716,0.0025407198591695
2024-06-20,0.0038500031003771058,0.0021406257899427173,0.003712470160843254,0.0028661402135511022,-0.002716786674363
2024-06-21,-0.0011478758581037751,0.0010850330443370748,-0.0030676199177918527,0.00013042231883107538,-0.0013407225096309
2024-06-24,0.006705301661636715,0.006959483914201172,0.006785220809132081,0.007501707740528831,-0.003250510789635
2024-06-25,-0.00175685707798825,-0.003165041281321218,-0.00271348568273779,-0.0012435921057673176,0.0038508693264691
2024-06-26,0.0012910243764266598,-0.0016223625862366556,-0.0017625390200649198,-0.0009019216238947039,0.0012480417281484
2024-06-27,0.0027423297804806397,0.0025814288042084917,0.0006604430259553054,0.0034430257877680883,0.0015766909053591
2024-06-28,-0.002689182692011089,-0.0006943528178399258,-0.00087329825175944,0.0006720711973977072,-0.0039354078065482
2024-07-01,0.0007098676856813205,-0.0008094700676302321,-0.001850133002467756,0.0016672356982814335,0.0020583686249009
2024-07-02,0.004301007576122117,-0.0003545252236281135,0.0036641099884166797,0.00025113621892944543,0.0067295469582875
2024-07-03,0.0029327585428052796,0.00029201930522332006,0.0028406596299924134,0.0005069628648567816,0.004462634526017
2024-07-05,0.004759136882566071,0.006547708546881336,0.005185418826871975,0.005231737107725124,0.0057665976484717
2024-07-08,-0.00103170754246609,-0.0005548355107258002,-0.003568687873591733,-0.0008327331927185809,0.0011538714567145
2024-07-09,-0.00117482855934726,0.001475381324717916,-0.001038872965270864,-0.00034078212606388896,0.0009722846551516
2024-07-10,0.006954516855069531,0.005359084780840842,0.004321532483645946,0.006535881922442405,0.009895619987329
2024-07-11,0.0007549754306387254,-0.0002894737899083885,0.0025313751151633565,-0.00021110648031512418,-0.0086226749882875
2024-07-12,0.006158421245655734,0.007820474276773293,0.005098350748731973,0.005131219743013796,0.0063075133376995
2024-07-15,-0.00038925561956478514,0.0011050283079759072,0.0016668858693813249,0.001620440338125356,0.0027499528880754
2024-07-16,0.012150610359897871,0.008135080932678413,0.012167032035212352,0.00958193185964404,0.0059301155201991
2024-07-17,-0.0006476357438602799,-0.004845523238791383,0.005148900090133179,-0.0003655469885759078,-0.0140210175339318
2024-07-18,-0.010121681516432869,-0.01688511099825485,-0.007775882943153585,-0.01309385113451858,-0.0076849785890167
2024-07-19,-0.005321725837834541,-0.001956285754527019,-0.005639098450974218,-0.0037068055267381298,-0.0066405287279913
2024-07-22,-0.0004292662267419555,0.0003476572563949365,-0.0006741320584650097,-0.003078522080796888,0.0103099682449792
2024-07-23,0.001267144215873015,0.005909652222066092,0.0016749286501467388,0.005645123138095595,-0.0015687322354536
2024-07-24,-0.00649326914482998,-0.0055064954678659015,-0.00347761745074401,-0.0036003603430046797,-0.0226624241564039
2024-07-25,-0.003454157455321451,-0.001137699434034181,-0.002595429218783375,-0.004245819987202853,-0.0052101936151491
2024-07-26,0.009967184361657062,0.007833804101731373,0.008605374906804466,0.006587382267064482,0.0111996680170107
2024-07-29,-0.00017159675830121006,-0.0010136477591642175,0.0004299058895704902,0.0006459284678625543,0.0005874576247846
2024-07-30,0.0004371793886850803,0.0006424025795259613,0.0008135481964318722,-0.0017352903131939528,-0.0050663274510809
2024-07-31,0.008541745799647817,0.0019517784517517893,0.005188940935055624,0.005640614889580767,0.0162546171274244
2024-08-01,-0.00077321489404884,0.004927917190333802,0.0036354685040983254,0.005896411569002391,-0.0141608714654679
2024-08-02,-0.005963511230483911,0.0062743914196995145,0.004260987187347596,0.0018471331302733003,-0.0186183714243766
2024-08-05,-0.023425952982024684,-0.014345341283319088,-0.016521695744735703,-0.016075813736019285,-0.0291236928166455
2024-08-06,0.004571208351620916,-0.0019173362299272274,-0.0005321853491519857,-0.0007004279871663223,0.0092194261091864
2024-08-07,0.0002441509699713298,0.0023939929814612245,0.0004477328687409703,0.0011644551809386345,-0.0066840451761475
2024-08-08,0.015520319723418942,0.010427204725999617,0.011195395222604841,0.013602258931534146,0.0231174843751618
2024-08-09,0.006307320736177098,0.004879035587629014,0.00395813988151759,0.006157290767166915,0.0044096926107977
2024-08-12,0.00017203639763785003,-0.0012284090067585455,0.0014085928858475455,0.0009485125262729096,0.0005254050700769
2024-08-13,0.009427681757141614,0.00497422160094208,0.005795587836264374,0.006113673453532282,0.0164453770180186
2024-08-14,0.004327862721741271,0.003943526538419782,0.003867055616737025,0.004815235147478558,0.0031550112069695
2024-08-15,0.00590580613910374,0.0013760529435499307,0.0022594364692663073,0.000986956642736236,0.0171402779986524
2024-08-16,0.0029012618336593755,0.0033231470412582596,0.0038238544425857,0.0030791389900825224,0.0022417674580861
2024-08-19,0.0035908621657496,0.0018185987521054888,0.0012415680841983982,0.0012183043571625826,0.0095615449783064
2024-08-20,0.0016023093280754005,0.0008147963428821356,0.00224861808707991,0.003098615473225018,-0.0016261722061099
2024-08-21,0.0012082065443096749,0.0006731893189715306,-0.0002494117701250344,-0.0006058839958161704,0.0034364599351983
2024-08-22,-0.004531321508134701,-0.0029863253279619442,-0.003527368848454289,-0.004348797028845814,-0.0078482922795387
2024-08-23,0.00762413751318156,0.004167313904502415,0.004902280733814991,0.00561620637214155,0.0106252735932128
2024-08-26,0.002737204248244195,0.003026223432205826,0.0033295425451454093,0.0028299338544290056,-0.0023838081109496
2024-08-27,0.00011910890055430514,0.0009603455476342383,0.0007130631471084399,-0.0002563850564877329,0.0013730708321384
2024-08-28,-0.0036474594519196957,-0.00027947668036457964,-0.002107151187975838,-0.0020531596009107805,-0.0058050745530676
2024-08-29,0.004346914494022794,0.0025843948014826063,0.003787097302169105,0.003273649257974333,8.930518884420202e-05
2024-08-30,0.006942715280595775,0.001787119093131659,0.0022844623123211417,0.0019061669801257897,0.0095459617125326
2024-09-03,-0.005376930945541429,0.003685535814014431,-4.0770596108373246e-05,0.0013388235216777043,-0.0205788097128762
2024-09-04,-0.0018076609561156053,0.0004894083836174396,0.0013640255362882554,-0.00031418170253334716,-0.0020467176748472
2024-09-05,-0.00397060857544188,-0.004008770903026689,-0.0031805723430744647,-0.0012193234388728042,-0.0024322937114864
2024-09-06,-0.008538704100584599,-0.0033982514427674327,-0.004628495278757528,-0.004699302816114546,-0.0168302039682303
2024-09-09,0.012071796162691566,0.012316679701442285,0.008184113012954946,0.008759549917550005,0.0111961378816578
2024-09-10,0.000999734580637115,0.0027593781822318254,-0.000758997926182327,0.0015697848772365979,0.0043556871607624
2024-09-11,0.0032624583932339348,-0.0013220877604436998,-0.002221264057968033,-0.001095283902177859,0.0102590784476241
2024-09-12,0.0052202036825699395,0.0029928072660822323,0.003990766861176509,0.0032753562973649552,0.0084233480399613
2024-09-13,0.0044936734713372905,0.005258678293588375,0.003875734113087079,0.0041654393373657325,0.0052226709110505
2024-09-16,0.003632691840225853,0.004490323451512064,0.005711033166475547,0.003961720248580718,0.0014769268670506
2024-09-17,-0.0017875307778807152,-0.0055805697552394,-0.002796916055360516,-0.0035655779765258566,0.0004085115150294
2024-09-18,-0.003081581780607585,-0.0034378963595393308,-0.0044499038339644095,-0.0035565906698074947,-0.0029657143579988
2024-09-19,0.007522564142872938,0.0029954931490066444,0.003053081787899903,0.0046183074198275905,0.0170642675392951
2024-09-20,0.0018213839644415498,0.002659738904462986,0.004178927518418307,0.00449643741768127,-0.0017286028901163
2024-09-23,0.00441158172685397,0.0024846639708751388,0.0018248012526155034,0.0011576992177099571,0.0024989046670664
2024-09-24,0.00065116956381892,-0.0006106529579100816,0.0002863295137496677,0.0022335998388629,0.0028613778394273
2024-09-25,-0.004549603639416545,-0.002776496469982641,-0.0032058182553711726,-0.0033560454088525354,-0.0022055737811803
2024-09-26,0.00107973089304749,-0.0006851814021274955,0.0005456260980464848,0.000630527616544994,0.0039646905098096
2024-09-27,0.00120916128985693,0.0025652485659294704,0.002513594611799379,0.0008530127328401013,-0.0014503989358952
2024-09-30,0.002005147674335005,0.0010050147979630904,0.0007973020805901971,-0.00014090221044204396,0.0040073067813788
2024-10-01,0.0001077836828922999,0.006742698804037917,0.0024270044631608126,0.0026529083808694404,-0.008958604559465
2024-10-02,1.8403782888040085e-05,-0.0005101169173632606,-0.0012725138816553248,-0.0006382432666938266,0.0004221833121256
2024-10-03,-0.0049961778425601545,-0.00233008113378999,-0.003343153151176763,-0.003936564599918809,-0.0018281779867485
2024-10-04,0.0029975530601492654,-0.0033195038210121464,-0.00014869985240215244,-0.0008535846825738768,0.0090874246672898
2024-10-07,-0.009519951841008106,-0.005396004557564905,-0.006417054908167303,-0.006086188860715657,-0.0090404831795332
2024-10-08,0.0014581706939466156,0.001994102300808166,0.0016680918125997844,0.0021261858629971707,0.0094576610817553
2024-10-09,0.005306137067663746,0.0012779453090481247,0.0024082968633165358,0.0022325502925023954,0.0069264821988341
2024-10-10,-0.0010913374380172002,-0.0014715970702448118,-0.0008773608993635712,-0.0002202407264696438,-0.0017502523603367
2024-10-11,0.008014630361245369,0.004965402852973926,0.007018654641839864,0.006877555763516209,0.0059881262417149
2024-10-14,0.00386399472654099,0.004726957446697458,0.004403260054393468,0.0035697036774335875,0.0081784562408848
2024-10-15,-0.006171762006759049,-0.010030053295331007,-0.004451719695723968,-0.005434675971499586,-0.0077696031506094
2024-10-16,0.006125744306752395,0.0070000172442696235,0.0029898702414708446,0.003305453092072891,0.0043464140096862
2024-10-17,-0.0018198884755417503,-0.003962144751877313,-0.002098936346637103,-0.0025393671834076296,8.579045798295937e-05
2024-10-18,0.0043598822121772695,0.003048260383849703,0.0033622254057294404,0.003436938103187035,0.0038464414079508
2024-10-21,-0.005593289947601065,-0.004784623280482433,-0.00392785806125171,-0.00459332607444426,-0.001642173644626
2024-10-22,-0.004204154684037355,-0.00838616627491532,-0.006573710740886351,-0.008061887814588683,-0.0005310730001248
2024-10-23,-0.00528793057663901,-0.00027331250752806797,-0.006696924431633163,-0.0021336174922847308,-0.0091373657810248
2024-10-24,-0.002552837794025155,-0.002378884355462629,-0.0011655464048969234,-0.0019317645653262505,0.0021626945959039
2024-10-25,-0.0025062559419259402,-0.0023016419575475995,-0.0016505247847163817,-0.002499796353447518,-0.0003454048306994
2024-10-28,0.0030890342183911936,-0.0002645660552688823,-0.0016501634389792573,0.0006229988477254235,0.003091430193628
2024-10-29,-0.00449427255297573,-7.416304103374942e-05,-0.0027147315449791883,-0.001204925580580404,0.0016183796278272
2024-10-30,-0.0033206369963480016,-0.002426176077726355,-0.0017640315176744713,-0.003115306944353047,-0.0030252091843017
2024-10-31,-0.010139479987247704,-0.008207154318943796,-0.009155857198035426,-0.0067482270118928225,-0.019603086259658
2024-11-01,-0.0010663325932453007,-0.004190796371601137,-0.0025267594189159167,-0.0035171549669572107,0.0042204788029083
2024-11-04,-0.00018260856805054466,8.056196396818918e-05,0.0010695394578349366,-0.0012883957392313295,-0.0021540016850669
2024-11-05,0.007668214651880812,0.0047660015124423175,0.004971047501636929,0.005038555318302253,0.0120919242037547
2024-11-06,0.008405955526054184,-0.00547914964402391,-0.0006697557929523652,0.0012755134078479956,0.024865485130566
2024-11-07,0.005211876407960656,0.00695092797290274,0.0069290619734064425,0.005202557835109598,0.0077321673675725
2024-11-08,0.00527181606985738,0.005455207588523113,0.0074638127426972485,0.006588404413705643,0.004331711643122
2024-11-11,-0.0025334767008510454,-0.005100329442804889,-0.003763043020249033,-0.003625526604586858,0.0009528857307679
2024-11-12,-0.005877877368125714,-0.003613143013555265,-0.004501159292818737,-0.004518893310117418,-0.0031064400712772
2024-11-13,-0.0002560528623389052,0.000681218666850134,-0.0025690587895877853,-8.849762079240491e-05,0.0004858730531422
2024-11-14,-0.00456136823735564,-0.0041637545786873354,-0.006245049958145624,-0.005231461300970752,-0.0064301021569338
2024-11-15,-0.0068916858627954,-0.0067702451372743016,-0.004225921449928925,-0.006051413858852994,-0.0128087444589711
2024-11-18,0.0028241636877415445,0.004383665601415323,0.002842650988891227,0.0027868905410737637,0.0040973037869487
2024-11-19,0.0009638206272613626,-0.0005391722308450574,0.0008277969596835591,-0.0006754881316206501,0.0036556867915835
2024-11-20,0.0030990084255838202,0.005299765886830184,0.0024234500668522505,0.004150046482111437,0.0003387221816493
2024-11-21,0.004458506310615916,0.004814893161491247,0.005033555367448895,0.004129114514549265,0.0053682472463352
2024-11-22,0.004250159243319364,0.0028324525519886367,0.005098970846346255,0.00392190563066116,0.0030994993753996
2024-11-25,0.00624902816146082,0.0038904698702993974,0.0004999599734851769,0.004846200829845597,0.0033922096640999
2024-11-26,0.0063346113360291546,0.00026300269861360027,0.0027923311272653314,0.0030859069883702435,0.005221275893982
2024-11-27,0.0004794384847924601,-0.0003198969166509579,0.000771535958622175,-0.0006029744625651088,-0.0030299846945225
2024-11-29,0.0045260247671557955,0.004664052380250605,0.0041639947788909325,0.00450245748620586,0.0062120497392532
2024-12-02,-0.0014799779839384402,0.001195195405436,-0.0005662264794508198,0.0013770412590958566,0.0017923273750353
2024-12-03,-0.001917182205943335,-0.0023763551822085574,-0.003997544324978675,-0.0032280014454486093,0.000463842281654
2024-12-04,-0.00040441812274781503,-0.003932347914858915,-0.00040376196524962143,-7.171113294302422e-05,0.0062096137619003
2024-12-05,-0.000804785016746566,6.861864093604801e-05,0.0009238087081503807,-0.0005172285561412859,-0.0016458419887134
2024-12-06,-0.00244762994693368,-0.0038660366798672938,-0.0027153000086984768,-0.002139944996754644,0.0018957974675537
2024-12-09,-0.001808314492487155,-0.0032416063983371573,-0.0038013781953418675,-0.006225002660863527,-0.0051496730700588
2024-12-10,-0.001714252025830995,0.0007086900938858788,0.0012314285769964627,7.068893616115417e-05,-0.0031089910422201
2024-12-11,-0.002433501712737515,-0.004367632366924244,-0.003930621028947957,-0.0029648936790664937,0.0077304295440854
2024-12-12,-0.00640624646855767,-0.0025481975955512176,-0.005233497670981532,-0.005408705347162588,-0.0051524356199333
2024-12-13,-0.00175289565619939,-0.0027435720417388143,-0.0037436257305905074,-0.0011022392401148376,-0.0001986181659039
2024-12-16,-0.0039115652863438,-0.0011825880962992978,-0.0024600953395127836,-0.001166352652576252,0.004270056430311
2024-12-17,-0.00225395709277925,0.0002671238279268438,-0.0008188828841520823,-0.002419692950389196,-0.0041201963634855
2024-12-18,-0.020493156708000868,-0.01794176965766909,-0.015331181902681892,-0.016054184089913392,-0.0298033611475635
2024-12-19,-0.0034080746628594007,0.0009165930135341441,-0.002962179394832001,-0.0029194330460140957,-0.0003070465047961
2024-12-20,0.0097625831571323,0.007000542544727745,0.006042511733197613,0.006944999251980819,0.0120110124328263
2024-12-23,0.0030388875486204153,0.0007699346700341651,-0.0009266690025213122,0.0016224841336486694,0.0059882082012892
2024-12-24,0.006012234883789246,0.005346385379933014,0.004399680209909243,0.005485285685735182,0.0111149932829843
2024-12-26,0.00089195534190089,0.002218580045571486,0.0019146936457111806,0.002048009648491619,6.648855168323031e-05
2024-12-27,-0.0068725129578067305,-0.0050652575851479606,-0.005400105872498976,-0.006013769584132334,-0.0105263788179079
2024-12-30,-0.007266425067088386,-0.006147664982750124,-0.005069485811318421,-0.005464632155672799,-0.0114116895113994
2024-12-31,0.0005288255679369049,0.0002197507655608024,0.0012449575503573724,-0.00022731442488757464,-0.003637924844082
2025-01-02,-0.002741167151470965,-0.005436422586837396,-0.0018200425178730429,-0.0016897645257802534,-0.0024571239965799
2025-01-03,0.005130824715970165,0.0017700357687941524,0.0013112305371006327,0.0031964345705809095,0.0125034045605449
2025-01-06,-0.00504130031658529,-0.003471137897387749,-0.00718104008744909,-0.005075167503934852,0.0057607202567815
2025-01-07,-0.00472769850718397,-0.003655111623723044,-0.002727796785462385,-0.004034130460034854,-0.0113040442551956
2025-01-08,0.0033989695704547134,0.0009545504377711385,0.003073461679565136,0.002593890424950496,0.0014609058966514
2025-01-10,-0.012737226585014418,-0.012643615671987775,-0.00765165066486664,-0.009247544448598004,-0.0152675333100243
2025-01-13,0.006658304005240355,0.002574627193712527,0.005759799306829755,0.004427137613819297,0.0015505849049237
2025-01-14,0.0014179454130873047,0.0023210765073602537,0.0011578202759829485,0.0002437283252661893,0.0013758434983093
2025-01-15,0.011285581097967484,0.011790949867156137,0.009590434386138382,0.010705423615048566,0.0181900307835882
2025-01-16,0.00021018327702854476,0.0010694503633688242,0.0007903982418223766,-0.0001491572096005194,-0.0019231018964384
2025-01-17,0.004358575361883285,0.003344599513684875,0.0035084296649203236,0.001922986659520286,0.0100400061991927
2025-01-21,0.010248147446181197,0.006490708099994042,0.007399140199510339,0.009390839567396558,0.0091534794929999
2025-01-22,5.2642022975680307e-05,0.0012559375769580154,0.0014666802958594185,0.0014314547370518416,0.0056214348098035
2025-01-23,0.005718746073668351,0.0015176141356337918,0.0016527129995965674,0.002183944605726976,0.005458058539157
2025-01-24,0.004228765379892671,0.0011407465394885836,0.0005806640405173922,0.001753216655051226,-0.0029192649597693
2025-01-27,0.008396574668427257,0.01063405565850547,0.009967538213035022,0.010340727594588454,-0.0141453562224046
2025-01-28,-0.006499706861353791,-0.004145951015643592,-0.009322089357689968,-0.003216671269707276,0.0085923153170601
2025-01-29,-0.0011484985783723652,-0.001167215731592435,-0.0012456987798174467,-0.0016319601971546535,-0.004483069851784
2025-01-30,0.00104038493093203,0.0023863769771538573,0.002536075872604639,0.0053554993555864775,0.0053671865296924
2025-01-31,-0.004216108272590775,-0.0043301847452503015,-0.004327231874670209,-0.003949017192695541,-0.005321809023117
2025-02-03,-0.002448118008918851,0.002568410412052882,0.0006726088799866692,0.003311298552129656,-0.006729655863189
2025-02-04,0.004522899800917556,0.004552652433131213,0.003749315919236311,0.005264544693349812,0.0067084736384277
2025-02-05,0.002665239988794285,0.005190039636550653,0.004142333493729707,0.0050235044024644175,0.0040544226445209
2025-02-06,0.0031903738222797155,0.0005514069684719819,0.0002356929002206669,0.0019275985360887747,0.0034756291897781
2025-02-07,-0.0065640373369855115,-0.0038038883986280113,-0.003940444389582641,-0.004736488381281529,-0.0091535130138586
2025-02-10,0.005443638592563691,0.0038629898024192815,0.004803117186562912,0.0027254887313106694,0.0067911209503601
2025-02-11,0.00542014464374509,0.004515731926279877,0.005023277944469091,0.002048236954563834,0.0007605411933127
2025-02-12,-0.004906111414422275,-0.004242630641941765,-0.004513018065778134,-0.0051396722171384145,-0.0032213825135849
2025-02-13,0.0068216914349758006,0.007906250377923302,0.006248259833145947,0.00770006197884485,0.0105575003019837
2025-02-14,-0.007246048279907499,-0.005524371079491147,-0.007890663812959131,-0.007777276315266963,-4.927878362037674e-05
2025-02-18,0.00305429968199531,0.005669982608331484,0.004311198477614715,0.003309018842837571,0.0029357958462659
2025-02-19,0.004751119291307984,0.001878993031782387,0.0050265191740783725,0.003611186016824933,0.0023550205989428
2025-02-20,-0.0009786559358242154,-0.005807603047484364,0.0013840171064430536,-0.0017461977445170777,-0.0041602448320542
2025-02-21,-0.006011338251133676,-0.00018960583388876048,0.0008742688954243344,-0.0015013860113713665,-0.0171041061042446
2025-02-24,-0.0019574510589839647,0.0020842178065573823,-2.5530274626045137e-06,-0.00010530727760523196,-0.004550509873166
2025-02-25,0.004504543377041305,0.0008738605366543158,0.0027696822030048346,0.0022281777417184918,-0.0049732868911795
2025-02-26,-0.002705462474226075,-2.1082869845672334e-06,-0.0018442892404516907,-0.0004661563393733369,0.000504902084202
2025-02-27,-0.0054135664247832995,-0.001961191580018647,-0.003077126376868324,-0.006165587123909119,-0.0159619111900132
2025-02-28,0.010698060111978993,0.007656938139806373,0.007278163882120231,0.007991007427149737,0.0156055966610777
2025-03-03,-0.0040623139625878355,0.0025767651377406413,2.9141565549037835e-05,0.00018390893817359904,-0.0175199776663043
2025-03-04,-0.01032355750126921,-0.011640821382310967,-0.007729674820670799,-0.006910620078197658,-0.0118367616486667
2025-03-05,0.00830865107771452,0.0008303328311778973,0.003865117803114774,0.0029781033186190697,0.010747623220092
2025-03-06,-0.004749423408177535,-0.005902741665660108,-0.0005300711617600708,-0.004503160646318735,-0.0177510521383853
2025-03-07,0.006879421328460565,0.0005792144031761901,0.003808655115636505,0.0011904439591275114,0.0056048858449071
2025-03-10,-0.010580231686779816,-0.008214880955855347,-0.004008800713721427,-0.009467292531382477,-0.0266355116512779
2025-03-11,-0.01226382076341281,-0.011075354683074242,-0.009368536824557478,-0.006445103293902369,-0.0083131117419007
2025-03-12,-0.005103753064226805,-0.0033840564077992595,-0.005828667641133448,-0.004540487603024249,0.0053067124815113
2025-03-13,-0.00586662105362203,0.002494906858638398,0.0014824948620982814,0.0006866261319752818,-0.0133303252486057
2025-03-14,0.012086288831768922,0.005631134564057435,0.00602121707576815,0.006046042624388062,0.0206556763199499
2025-03-17,0.006253119972573226,0.005170160619783035,0.0062807571167411685,0.006271060352188142,0.0077112264864067
2025-03-18,-0.0037970128928955004,0.000767807966156043,-0.0007400468706967012,0.0003138680698564619,-0.0108082701623134
2025-03-19,0.006715962504399005,0.005907610290336248,0.005692932210951728,0.0058546755332192215,0.010890623478484
2025-03-20,-0.00036127310864625,0.00012942138474042396,-0.0002925654062819292,0.0007833034467748121,-0.0028915897931346
2025-03-21,-0.0033500841849397798,-0.006488898065259659,-0.0050664244294009895,-0.0043226934253223345,0.0003298919546212
2025-03-24,0.00706396875433233,-0.0009551444586141956,-0.0006665107744746973,0.0006154574459568,0.0179084877516009
2025-03-25,0.00061819033552839,0.003015006641805712,0.001696800796689716,0.00172716861155167,0.0024037137188281
2025-03-26,-0.0006211380814150399,-0.0014687480036546744,0.001190073091654118,0.00036031424209285914,-0.0119382295892477
2025-03-27,0.002055589042782335,0.0014713889363445044,0.0022081343329083862,0.0020004603390362885,-0.0026556273152104
2025-03-28,-0.009349493079276896,0.0005285470171681023,-0.0019426195464611377,-0.0013536503657707003,-0.020138321487112
2025-03-31,0.00739847449089633,0.007712270934696294,0.006959123129879568,0.007568214977690921,0.0067128006251988
2025-04-01,0.00114088053633015,0.0034761075017109722,0.0034637492694568305,0.0023737975868259502,0.002824553388518
2025-04-02,0.0024480501745959447,0.0009350249856138776,-0.0003146766612305621,0.0007350475966446848,0.0063281872609415
2025-04-03,-0.022531464634915985,-0.007272293027875413,-0.006213298860365596,-0.007445819241576675,-0.0492805872134507
2025-04-04,-0.04883624074954551,-0.021899534106005206,-0.029581361367243653,-0.027941814719168668,-0.0585431011169611
2025-04-07,-0.0130976725861366,-0.015321581406682746,-0.01425362063831598,-0.01322721282247263,-0.0017811272052864
2025-04-08,-0.007395302317316774,-0.0039510202840513245,-0.003712980403436747,-0.0009990498486476792,-0.0156628147122814
2025-04-09,0.06114582231514427,0.03193643083812078,0.0353108539716819,0.03514030763488589,0.1050193779894761
2025-04-10,-0.017534365871574,-0.010663819651695697,-0.009701369609267445,-0.007790314277572561,-0.0438191753906471
2025-04-11,0.017938046970754833,0.012650811476996518,0.014256895054445155,0.013733133761731643,0.0178427778788536
2025-04-14,0.007403375571543256,0.002497971418287769,0.003282873545735805,0.0014368745483625384,0.0097015081085467
2025-04-15,-0.002342181399282185,0.001098115274601584,-0.000282116366727704,0.0007566289582998394,-0.002800792432763
2025-04-16,-0.010197546207116472,0.0035442216280110444,0.002739004100020401,0.005282861269647772,-0.0222279632640862
2025-04-17,0.00021441084925576372,-0.02139360837665721,-0.008627212030305807,-0.015477744736839525,0.001426717111798
2025-04-21,-0.01883526178290973,-0.011802072599502425,-0.008385934657404514,-0.006747353135744553,-0.0238026483352638
2025-04-22,0.017576599325296108,0.0032883300583112073,0.0060414927198101905,0.0034302431495051126,0.0260176979532371
2025-04-23,0.00640616791341098,-0.0006223252822553643,0.00036976565724439555,-0.0009910756873417969,0.0154953629188225
2025-04-24,0.010282100527302121,0.008008386451601608,0.007588177867480714,0.008689119016081168,0.0210490309818542
2025-04-25,0.0023261987832018153,-0.0011489903894381524,0.0008374394761620053,-0.002014875031021706,0.0072251980963009
2025-04-28,0.002368934793936725,0.005288582283242651,0.00417909483428285,0.00555917397012092,0.0003812728059755
2025-04-29,0.0032659048905153403,0.0003574968032288395,0.0018755440871291507,0.00019329913079863388,0.0062995026128918
2025-04-30,0.001079754496263235,5.8395463876552444e-05,-0.0018975740632510036,-0.0013401831693156316,0.0003969417508358
2025-05-01,-0.004602418046613667,-0.011648151988396293,-0.0036396509798181133,-0.008872486661413407,0.0070867564578449
2025-05-02,0.007545696912107314,2.2600790676623862e-05,0.0004441734256548434,0.00022062804272543344,0.0148442489839601
2025-05-05,-0.003943718567630875,0.004125898886337466,0.0021552619786187953,0.005332608901945442,-0.0057341063843984
2025-05-06,-0.003732515333200386,0.0017159801172058906,0.0034086766641146515,0.004749437456113694,-0.0083586542677563
2025-05-07,0.0009369857104912499,-0.0018664161670791045,-0.00016927215867826607,-0.001960928619105309,0.0042056387902336
2025-05-08,-0.00015916879219444012,-0.01024409406418838,-0.007053296105958679,-0.008944478689915759,0.006967762571935
2025-05-09,0.0013709140844289796,-0.0008359840702920019,0.0001162629980292934,0.00046818828607069965,-0.0012741118157988
2025-05-12,0.014761691991856427,-0.007357891664891666,-0.0040961144071570465,-0.00651081364709729,0.0330474294146709
2025-05-13,-0.0070659099975625165,-0.003353992674080373,-0.005865038674852421,-0.004633837117776174,0.0066038608215337
2025-05-14,-0.00616978593632667,-0.0038242726339430093,-0.005399069307949623,-0.002820163863585643,0.0012780826440004
2025-05-15,0.006958918456603001,0.012711563497938472,0.010912950500475214,0.01286813410619966,0.0048842851346415
2025-05-16,0.00812473084727388,0.002377236926837792,0.0017838754086890517,0.002543136892434713,0.0063340439294972
2025-05-19,0.004356719328449424,0.0012395199652962588,0.003674504484986988,0.0016771460477208128,0.0010939238063631
2025-05-20,-0.0009816118182372352,-0.0005780586420766397,0.0009301451841281617,5.177446571584081e-05,-0.0033621533263863
2025-05-21,-0.01657085199129902,-0.009291332334264463,-0.00813024611041309,-0.008814059888025541,-0.0168507735873245
2025-05-22,-0.005982371446329136,0.0003897398321585757,-0.0014159926752853659,-0.00048052351814399744,0.000394601855117
2025-05-23,-0.0013138742473031502,0.0019153034517107935,0.004196498753935796,0.0021339455449475245,-0.0068258512570531
2025-05-27,0.011963008753536663,0.010025407557663879,0.0056474883010887945,0.00932321263999333,0.02079068471986
2025-05-28,-0.005184598787048081,-0.0064615728567320296,-0.004612433867214533,-0.005928762608839766,-0.0057854517409962
2025-05-29,0.005907627510237422,0.005559497818948117,0.00544473960061953,0.005214898677571504,0.0039475475867198
2025-05-30,0.0048280844022541855,0.003002747887789704,0.0026557248520971393,0.0033747170185654597,-0.0011187156032976
2025-06-02,0.0031254919500718144,4.295585326767504e-05,0.0019111659968257411,-8.339656141501913e-05,0.0056330269005624
2025-06-03,0.0003928515685196452,-0.001880210447475396,-0.002975918228034039,-0.0018279983526153006,0.0057025572694056
2025-06-04,0.0010952669609784803,0.00635251810693721,0.004836574140125152,0.0041117796383458955,-0.0002684085986693
2025-06-05,-0.0027812120054199053,-0.00228971893456278,-0.0030793777872541884,-0.0037902594380498393,-0.0048328596233543
2025-06-06,0.0084160541478209,-0.0005928659426412158,-0.0016358400519279057,0.0012771578962644176,0.0102689266083904
2025-06-09,0.0014181522525803785,0.0016372087945297818,0.002255295102821632,0.0017867542298414963,0.0009014354786658
2025-06-10,0.007149253746850845,0.003109622643366342,0.0033466382745728973,0.003175116346800595,0.0056696145937771
2025-06-11,-0.0013710599014005054,0.0007404348746058233,0.0016543217867185976,0.0007369637042842037,-0.0028519750150198
2025-06-12,0.0057078789034275875,0.005185612171337937,0.007522614644474229,0.005706150819172006,0.0039742753822695
2025-06-13,-0.00513367326991126,-0.008156726880323859,-0.003064622046429778,-0.006672544866021594,-0.0111800597851331
2025-06-16,-0.0007859696216893598,0.0022340087562619723,-0.004537786532827425,4.72794883650464e-05,0.0095141361677757
2025-06-17,-0.004345838086814382,-0.0033803317873120813,0.0015460214778617342,-0.002798560460891616,-0.0085448641827297
2025-06-18,-0.00431504411469726,0.0023485285911387234,-0.0005184632274575576,-0.00015581551604041815,-0.0001509202249363
2025-06-20,-0.0018293814155399652,-0.0023397961784037214,-0.0006073460671674914,-0.0011230735403386573,-0.0023484742531844
2025-06-23,0.0056594656877078054,0.008430245367154289,0.0053116999292434275,0.007040622789024014,0.0098774857395875
2025-06-24,0.00460975703330058,0.007988860395111262,0.0012325913192089042,0.004650922756969164,0.0110471860395073
2025-06-25,-0.003292119206843735,-1.2506689881079431e-05,-0.00019989877542167064,-0.0003145884154613922,0.0005602827185173
2025-06-26,0.006354676072851545,0.006786899848044336,0.0037198225517239137,0.003945675654696575,0.0078239121695418
2025-06-27,0.0017036665973420152,-0.000812289624998692,-0.003267960637259657,-0.0007923889582982562,0.0049682214362314
2025-06-30,0.0049529946634951205,0.006042229164045713,0.006914340651173812,0.006605131277956071,0.0047812801671411
2025-07-01,0.008677684000743436,0.0003708757096277588,0.004561345768711302,0.0032221087351465743,-0.0003236142841347
2025-07-02,-0.0003603638514839443,-0.0002366017158247038,-0.0025223612477393853,-0.0013174457036316735,0.0045333654920893
2025-07-03,0.004731740810118087,0.0036981930782359657,0.0003504187596090637,0.0021444234527188315,0.0078812999972548
2025-07-07,-0.00644614137513088,-0.00797057045987546,-0.005304690798471248,-0.005689091480889416,-0.0074520706056897
2025-07-08,-0.003733582071104176,-0.003235023476782315,-0.005086026769179313,-0.005900364408247545,-0.0005476359239223
2025-07-09,0.004073341123091631,0.00423070422978457,0.0031716241902554117,0.002414670390467764,0.0059966560783442
2025-07-10,0.0034837091959717945,0.0023312817767933967,0.002131064203236235,0.0019500578096704093,0.002820258275139
2025-07-11,-0.0015564332746977152,-0.0021123809888428783,-0.0022881370261799293,-0.0012244599046678164,-0.0035153098751226
2025-07-14,-0.000685685497856575,-0.002540600129299458,-0.002859650211719851,-0.0031408394328800715,0.0019080849682644
2025-07-15,-0.007159099619824116,-0.0036232290307275992,-0.004691047910026794,-0.005585525958004941,-0.0042732121893562
2025-07-16,0.0034312080273440197,0.0017112032619129628,0.0011746920608834048,0.0019263888781090692,0.0033431741923299
2025-07-17,0.0009181847702565104,0.0037544883521288537,0.00272735425442141,0.0031870955479942438,0.0061196378775145
2025-07-18,-0.002086239768340985,-0.0004800224657819459,-0.001446406671774891,-0.0012786048624222933,-0.0007323346017438
2025-07-21,0.0044436883409175775,0.006341588615840265,0.006875915856733241,0.0050048174247416515,0.0018961434921311
2025-07-22,0.0008497954282402149,0.0028721341367838604,0.003048058310613416,0.004159697046375337,0.0001431954391026
2025-07-23,0.00392015287452917,-0.0017295456934364357,-0.00214923808853635,0.0004862728463730145,0.0085073782196083
2025-07-24,-0.0011789413749372553,-1.952677369585678e-05,-0.001108032282764047,-0.004245253931243506,0.0003310296833012
2025-07-25,0.0019913868032973257,0.0014650364152076574,0.000908952743662946,0.0009359399787783192,0.0042244358356355
2025-07-28,-0.004109902785885585,-0.0047609870038872616,-0.00472535771070021,-0.00290837070707405,-0.0002510690047468
2025-07-29,-0.004599596398147661,0.0036061826862446066,0.005908240000244516,-0.0013488908069702946,-0.0026375648019045
2025-07-30,-0.004330403937189455,-0.005206503658909215,-0.00608715931743311,-0.0045813392226795625,-0.0012593694992442
2025-07-31,-0.004838600322606565,0.0032744774278229906,0.0005472052340047697,-0.007445493754311614,-0.0037512610547767
2025-08-01,-0.009793707171871885,0.0028109276764155867,0.004919848571316359,-0.0007747251021528114,-0.0163904176213074
2025-08-04,0.005657425730774821,0.00688523675852213,0.0036838928011052137,0.00650233063345585,0.0151998634193017
2025-08-05,0.0012348662810299752,-0.0019085280178281316,0.00013246592171429195,0.001868380156506546,-0.0050700236210009
2025-08-06,0.0024246518596203713,-0.0009874209165525835,-0.0012035769377620198,0.0012474564527011575,0.0076596604450434
2025-08-07,-0.0057751426342472845,-0.00047412898624870454,0.0009308473162124424,0.0014560050691336808,-0.0008376364316551
2025-08-08,0.002929847960414405,0.0016613257366619573,5.0194265690179954e-05,0.0006135525318620964,0.0077975548309496
2025-08-11,-0.0014540223038587848,-0.0017519668220324185,-0.0012668415777979517,-0.0014710504795978853,-0.0019774044951013
2025-08-12,0.006357476557995956,0.0028740736315868536,0.0016572502382614857,0.002150911975597177,0.0106459807696153
2025-08-13,0.009167561350422942,0.0035051738291623923,0.004100423674987204,0.0033940590341835193,0.003423228406564
2025-08-14,0.00115295702290315,-0.003189329444022751,-0.0039045544237462262,-0.0034307871701160534,9.29178689290655e-05
2025-08-15,0.008403957919454906,-0.0004357599982923413,0.00202726838684892,0.0013383842819508452,-0.0023411979263346
2025-08-18,0.0007445348955226099,-0.0009562298474094206,-0.0012005288651407205,-0.000569601792449085,-0.0002177125565093
2025-08-19,0.0016424884699794949,-0.00044407327965613675,0.0017504147560572657,0.0008515807575835497,-0.0054251010281531
2025-08-20,0.00046175063095266504,0.0022138105950308042,0.0030424803635165044,0.0032026800397224136,-0.0026570808049446
2025-08-21,-0.00133835423200202,-0.0027889508528369765,-0.002160562281779682,-0.002671407536173722,-0.0040117130958806
2025-08-22,0.010828531165781344,0.008190381595896717,0.006522508816712358,0.007680177353136174,0.0153567344506935
2025-08-25,-0.006392705282177724,-0.003559546753234524,-0.0043190140739600615,-0.004586607467788374,-0.0044010200352035
2025-08-26,0.003824959268619221,0.0023536674415725913,0.0010362021748297331,0.0021936087603660914,0.0041869687585276
2025-08-27,0.00232709022853936,0.0017663216197767728,0.0024728225454891074,0.002160664133723805,0.0022785484055947
2025-08-28,0.0009687001720433651,0.0034731660548962965,0.002708537132019688,0.002926422298030086,0.0035413241328445
2025-08-29,-2.9192743590834737e-05,-0.0005464205110219884,0.0017825547165297429,0.001861518430964169,-0.0059636393929621
2025-09-02,-0.00279891285100679,-0.0006879180187818177,0.0009994108913784388,0.002032733505954856,-0.0074102519726757
2025-09-03,0.001365888225063165,0.004581850809300616,0.003270070592802388,0.004251474999155836,0.0054195456406531
2025-09-04,0.007016998227150995,0.004664544785518055,0.003918825590156207,0.004019626121573926,0.0083573208832941
2025-09-05,-0.002288231151989725,0.002934986991307818,0.0025542656611110505,0.0029751079758569324,-0.0028961941058495
2025-09-08,0.0007471166068080199,0.0013492013535091733,0.004750924930112738,0.004566970172030357,0.0024565777359784
2025-09-09,0.006026660176825054,0.0014782856052483727,0.0025339413314594723,0.007962800091705158,0.002311884620151
2025-09-10,-0.0007186071727468354,0.0028178668269101567,0.002901057109544991,0.002342294884201426,0.002890805295761
2025-09-11,0.008326923719458701,0.005170599246146813,0.003702114738581535,0.004994969361673079,0.0083102904575622
2025-09-12,-0.00010850990249890535,0.0006964707178261393,-0.0007009909094513998,-0.0002024958667768424,-0.0003346304093461
2025-09-15,0.002756543666710705,0.003383219663387201,0.0031885068779387814,0.002964433762851472,0.0053239627983452
2025-09-16,0.0011367638067116452,-0.0002954501448791517,0.0005953484284400973,-0.00021629300577153692,-0.0013769781981408
2025-09-17,0.0037224801073230647,0.0011818288843448031,0.00035914617890867316,0.0003606384586545792,-0.0012423636756685
2025-09-18,-0.00282534385559417,-0.005295139850246762,-0.006316052831613082,-0.005702546870642594,0.0046724995363542
2025-09-19,0.002136744359062675,0.002658781185901268,0.0022227293724947856,0.0027008490529709076,0.0049528684508932
2025-09-22,0.0034880069096674153,-0.00035705101223988976,-5.091190056405507e-05,0.0015378001719191122,0.0047309566292503
2025-09-23,-0.0003919491911806807,0.002424607828732243,0.003684680865259633,0.0033235083589265193,-0.0054433788650938
2025-09-24,-0.001087989061237104,-0.0025243958357720154,-0.002612432044481538,-0.002050892724489096,-0.0031817570232213
2025-09-25,-0.003741790511205904,-0.0007647925028715945,-0.0008652163627185135,-0.002424145837500996,-0.0046133749054336
2025-09-26,0.005184709306937366,0.0034298067343411474,0.0024381492348667625,0.0031127634625044685,0.0057290340826092
2025-09-29,0.0034043091681236763,0.004325602091463324,0.004985651575176492,0.0050782897025239155,0.0028104467833012
2025-09-30,0.004548963653369694,0.0039306130043359425,0.0016820833623586134,0.00368884017875975,0.0037668347553583
2025-10-01,0.008482767533453901,0.0007075590496913788,0.0013630474075224518,0.0029303365079377092,0.0034075722246513
2025-10-02,-0.0008659050654185051,-0.0028473879030773528,-0.001938801784892392,-0.0016715715176402954,0.0011517326256851
2025-10-03,0.007521171341576041,0.003338662766798145,0.0034867781075735064,0.005186825745828754,-1.4805406382656372e-05
2025-10-06,0.0005629633274740051,0.0013245053513548878,-0.0009635869471329348,-0.00045671913374172333,0.0035862719664676
2025-10-07,0.0010221749003426449,0.0009352120461483588,0.003280059291443438,0.002451992474721092,-0.0037075138893177
2025-10-08,0.003843632558657131,0.0038828036389123594,0.002006198955617842,0.0026938197811083274,0.0059630552695713
2025-10-09,-0.004251927112991765,-0.003379390079984202,-0.0044016275690264145,-0.004056996408477393,-0.0028969747249332
2025-10-10,-0.014155483152114085,-0.004970954499683053,0.0015981485977395403,2.281583714979194e-05,-0.0270278621788456
2025-10-13,0.007396106188204045,0.0094197509512415,0.006525547830455324,0.006667256254154448,0.0153441181351683
2025-10-14,0.00416470395138875,0.000658987979745726,0.003259867345421001,0.0017992271573455247,-0.0012216462876413
2025-10-15,0.0029394287394344455,0.0027323279638053395,0.0016461464839128883,0.0019434602788444128,0.0044395299096053
2025-10-16,-0.0026800895516119654,0.002298586601364969,0.005099139658246638,0.0025222074425612583,-0.0068101345623303
2025-10-17,0.00094721528959298,0.00011477068645301215,-0.0018154491158719004,-0.002642953634344766,0.0056762051642531
2025-10-20,0.01193555113611971,0.010903469134607451,0.010361442507631633,0.010938993461162939,0.0104005002629232
2025-10-21,-0.0043872478979925965,-0.00628278723304979,-0.007589345391216281,-0.008845535843362343,-1.494287878323064e-05
2025-10-22,-0.0039322273612616716,-0.0041086641977941905,-0.0011818737337390807,-0.001954559006866635,-0.005198916065879
2025-10-23,0.0010989870038217305,-0.0007988143767577122,-0.003432697520846908,-0.003234608344782043,0.0059299627059643
2025-10-24,0.00533788380903618,0.0034878988811670197,0.0019135286181192585,0.0027733805753225437,0.0081725546944804
2025-10-27,0.006253519901172515,0.0035829476045783053,-0.0007223331896997668,0.0008886404675805965,0.0117976644927846
2025-10-28,-0.001454523419969155,0.0019519964243352903,0.0010328860983894817,0.0018274487678924395,0.0026560160190798
2025-10-29,-0.00044188429770918475,-0.0038825091109629117,-0.005467375349701104,-0.005569237283597149,0.000480370638686
2025-10-30,-0.0027815074951790353,-0.0021073746761551934,-0.002185501681317005,-0.0032767980744628036,-0.0109981871425081
2025-10-31,0.00455211869065184,0.0009263883964495445,0.0007179342020134181,0.0005946784716961276,0.0032802220875831
2025-11-03,-0.0009443202243139301,-0.004405987356851296,-0.0029308965752174046,-0.0031462298486589356,0.0018767398754619
2025-11-04,-0.004885944609057942,-0.0007451021662568163,-0.0017877135914118555,9.706457033571456e-05,-0.011853547360019
2025-11-05,0.001753053809055816,-0.0066744658536780944,-0.002382882106663411,-0.004873841117597966,0.0034654763403132
2025-11-06,-0.0032053534912680603,0.0013196009931267377,0.0021732122842878037,0.002001513351461873,-0.0107294537191834
2025-11-07,0.0028923736343738453,0.0019770919168376503,0.004310271710931576,0.0021705669577720696,0.000984565078659
2025-11-10,0.00732562778447198,0.002277911135901936,0.00529428389704216,0.004444401162033485,0.0156043703463399
2025-11-11,0.009632966875803851,0.008021876656898803,0.006538780118817961,0.007059214104054242,0.0022891770278539
2025-11-12,0.0033910218678751165,0.0030441923237943106,0.0033587039746969267,0.004455046444771362,0.0005563903663643
2025-11-13,-0.010793141355531706,-0.006617809570154947,-0.007846527555491499,-0.007891879244401705,-0.0165939964147862
2025-11-14,-0.0028075686917322755,-0.0014311217625512763,-0.004716084890720276,-0.0022717727481349143,-0.0001635496688257
2025-11-17,-0.005248800174779825,-0.002864941369234327,-0.0036656225848653726,-0.0025009683700496547,-0.0093166205734077
2025-11-18,-0.004340787072784664,-0.0010827543510733403,-0.00020833246590588325,-0.001155635102030038,-0.0083974616706855
2025-11-19,-0.0006302034696643454,-0.003597515218038106,-0.0016825177363769073,-0.0022602340510124858,0.0038631766432766
2025-11-20,-0.006026911843722074,-0.00015477610543330388,-0.0013298053885486174,-0.001134811536799437,-0.015242227316648
2025-11-21,0.00794634084443735,0.0035876937977847123,0.004831328268928519,0.003813634390644021,0.009961138168965
2025-11-24,0.0025953951449362695,-0.0016843032096187356,0.0023020005666396265,0.0009918356897697734,0.0147186068762346
2025-11-25,0.008808123799475511,0.0043949413100830975,0.003226959248735917,0.004757420317927292,0.0094058360392934
2025-11-26,0.005467127464139185,0.004836407232972898,0.005400464179220543,0.0054731157324633285,0.0069035824180052
2025-11-28,0.0045191822479989105,0.0015085447192783744,0.003551622088784553,0.0017017632699903565,0.0054584342293309
2025-12-01,-0.00838221499888038,-0.0089803107052211,-0.006493316558050891,-0.00939299290200933,-0.0045654703011644
