Date,Equal Weight,Historical Min Vol,Historical Max Sharpe,RF Predictive Min Vol,RF Predictive Max Sharpe,SPY Benchmark
2024-01-02,0.002311151311905845,0.001317660749974752,-0.0051706075987103944,-0.0008297989337798693,-0.006887973564707238,-0.0055963834865712
2024-01-03,-0.001278322715678325,7.357258103347637e-05,0.006678355577145995,0.0010614403067033705,0.006580930691209103,-0.0081668136642574
2024-01-04,-0.0028741976522841904,-0.0035779810165005002,-0.005485008812400808,-0.0039008236483449935,-0.005531810503279477,-0.0032209416128972
2024-01-05,0.0005326131624020648,-0.0011064340362391134,0.00025265016485476926,-0.0020839069664862426,0.0005832143422725555,0.00136953408324
2024-01-08,0.00825733234481477,0.0021809472516132037,0.009268482793197572,0.0046083587948642785,0.011805329997140252,0.0142761209247233
2024-01-09,-0.002333286482745315,-0.0029274633560513194,-0.0006710057253670067,-0.003123275522115132,-0.0002844792415646136,-0.0015171941605777
2024-01-10,0.0030537801975602553,-0.0015384358350505434,0.004597018606511699,-0.000850251330342916,0.006540069990445053,0.0056555316311188
2024-01-11,-0.00217317126307392,0.000732025312172944,0.003608384955681234,0.0015693998172528066,0.0032112212634628143,-0.0004407389796123
2024-01-12,0.0030574230573718105,0.004814440024339309,0.006495914751790734,0.004706251309211739,0.006697389025115319,0.0006928480695325
2024-01-16,-0.007322911125295621,-0.008908764551233418,-0.00940782562180058,-0.010239957987707032,-0.0078666702055075,-0.003671240707883
2024-01-17,-0.007459707180738891,-0.00565746039248247,-0.007592317026719133,-0.0042435551662719315,-0.006918734242747587,-0.0055586946897498
2024-01-18,0.0028654774629205356,9.793066167526013e-06,0.005872757816529656,0.0005002638825506204,0.007485002789583397,0.0088928103330867
2024-01-19,0.005114232128831505,0.003022096741224548,0.007958278392426764,0.0028108408091369673,0.009550509571620144,0.0124660828210911
2024-01-22,0.00228790035315605,0.0016446111591785731,0.0022945357882145456,0.0016484556252042617,0.0022623962634083397,0.0021143869939459
2024-01-23,0.00507238309481236,0.0034082381696107023,0.001550850716105057,-0.0046637590931522185,0.0021009530927326475,0.0029165435453932
2024-01-24,-0.0022932153712644406,-0.006019499381801259,-3.162741299077374e-05,-0.004282629166668326,0.001411195743695733,0.0010931330701962
2024-01-25,0.006920315610886801,0.007602261838239479,0.0013631841746860021,0.005153081101457981,0.0016668840941313767,0.0054387768102091
2024-01-26,0.0012502385290476155,-0.0001728935237109235,0.0024343583833764766,-0.0012868115665673574,0.001278271096600893,-0.0012703342866637
2024-01-29,0.006504949472758561,0.0051772678967528995,0.007614961513217936,0.006461623316434308,0.008586541386848934,0.0079193083119939
2024-01-30,0.0017649575654596224,0.005451361616513142,-0.00174352047909743,0.0055846620311248134,-0.002138571523581747,-0.0007733641731895
2024-01-31,-0.008043858700127075,0.0014631248669709092,-0.0063034534674591,-0.00010078955149961334,-0.009716004410187067,-0.0163173886337441
2024-02-01,0.01180615475998648,0.010446762877043323,0.016028909297997572,0.010817924581202688,0.01678675405338487,0.013088245442933
2024-02-02,0.00167816216202843,-0.010195155204135876,0.000792013647043518,-0.009178563847868344,0.0035195239241499823,0.0105274245211861
2024-02-05,-0.0046767978825306145,-0.008287749010566694,0.010790126249477838,-0.007436408440157839,0.011235178684287882,-0.0036411957005959
2024-02-06,0.004471597616198145,0.005394371455769112,0.003638947456235471,0.006490149140939568,0.003134372630664943,0.0029031899601519
2024-02-07,0.00434044399251765,-0.0016906827218787332,0.010113717594391001,0.0007146638983012408,0.012075013081229978,0.0083404963133724
2024-02-08,-0.0013039672180951902,-0.0033822876543472486,0.0015432975915224121,-0.0036585824595868127,0.0012015742292413268,0.0004416242430942
2024-02-09,0.0006518133094736198,-0.002500083877678335,0.0026541365190746813,-0.0012550846679885061,0.004156908927591203,0.005779335948262
2024-02-12,0.0008745748975086353,0.0010818936504666428,-0.0041756714256740235,0.0009364391454378596,-0.005220701917141366,-0.0004388927883461
2024-02-13,-0.011903888962290651,-0.010870066429183606,-0.009881794747882353,-0.009999631888499488,-0.009845700185037637,-0.0137729894706707
2024-02-14,0.00467964969684348,0.002414873378949415,0.007144761603961575,0.0025622931157974296,0.007756856873157161,0.009087603235319
2024-02-15,0.009086858269522095,0.00687245584423635,0.00206309798138945,0.0072186603575102905,0.0014900816779151943,0.0068997306531699
2024-02-16,-0.00119269849445385,-0.000658049398787163,0.005832069247092072,-0.001063088956846011,0.004822895487449073,-0.004980099142318
2024-02-20,-0.003803015943669835,0.001556567308126039,-0.009006673906723568,0.00023897423117491328,-0.0104659324716334,-0.0055052564937461
2024-02-21,0.004438935330511927,0.0002368189057977755,-0.003198771541474098,0.00010700712149973009,-0.002606968000819731,0.0009058827445727
2024-02-22,0.00982654701927097,0.0025601371937521334,0.014639037640496956,0.005674971173989433,0.017460852451753696,0.0206955516229798
2024-02-23,0.001034484961473275,0.005641751797240082,0.0011860281821866377,0.0051262620143653305,-0.00011160578023388875,0.0006895959594583
2024-02-26,-0.004574459311493625,-0.004025107558603313,-0.002171409762493973,-0.002593022119294878,-0.002350195247376829,-0.0036625170438527
2024-02-27,-0.00140212125733703,-0.0020591011182399623,-0.0019419223790341916,-0.002214277415835718,-0.0014541682239548165,0.0018576239189489
2024-02-28,-0.00059602509751902,0.003009766523818386,-0.0020417643800742726,0.002773085876391168,-0.0018971954237674787,-0.0013215168922715
2024-02-29,0.0024503517795704498,0.003031798630510033,0.002982718128433116,0.001675498877272974,0.0029190774011343327,0.0035947815307666
2024-03-01,0.0057537101589516595,0.00816869180841326,0.01510577818064013,0.006323306516944493,0.013793697345456553,0.0093884556195007
2024-03-04,-0.000507333003598385,0.0037045451903879607,0.0029023685671692397,0.0017123407101469089,0.0010010879796652189,-0.001072521479854
2024-03-05,-0.005830424669718414,0.005710847134362067,-0.010998549826298411,0.004068754815851644,-0.014732577914940762,-0.0099940695152958
2024-03-06,0.0027042921256345952,0.003868866386575437,0.002601462324571956,0.004634685301507078,0.0018207872059336529,0.0050671912522999
2024-03-07,0.004164929114008306,0.0009607418884497454,0.004805110163789936,0.0001341733342228224,0.0051166916946364,0.0099263905257274
2024-03-08,0.0010582416550766398,0.0015804232381389327,-0.0035030847222474602,0.0012940351456873908,-0.004032279824877454,-0.0060020874117565
2024-03-11,0.00014567281470549438,0.0009537507761730852,-0.007997908087165356,-0.00019127450112544297,-0.008205272649264824,-0.0008599241494925
2024-03-12,0.0045705893724569905,-0.0036669608918819705,0.00809343760222953,-0.0007677124921422912,0.011540345433281834,0.0107574116000594
2024-03-13,0.0037213292022183547,0.0013551131348827415,0.0007789660133102586,0.000804775805560758,0.0004483379422115305,-0.0015674686798269
2024-03-14,-0.00036208903359490004,-0.007541110961826962,0.0034908291094770407,-0.005782017778006082,0.0064551163373580064,-0.0019768218792336
2024-03-15,-0.00330490137558525,-0.0010945182358823354,-0.005831799386493716,-0.0016149755473295227,-0.007506082501440755,-0.0068665849641978
2024-03-18,0.00364533375129412,0.0011691088424279116,0.0047174201905918955,0.0007159612269169782,0.005454533926873883,0.0059431552345705
2024-03-19,0.00624633140428154,0.0023877008143386603,0.007297892394645065,0.003586486709175625,0.008490252356215065,0.0055570276248468
2024-03-20,0.007169387205514215,0.004892686801046206,0.006982199088370613,0.0049696084157886,0.0073581153311865835,0.0092493427033493
2024-03-21,0.0008491250303771249,0.0022189302597299984,-0.004518577381741017,0.002166954632730377,-0.004525557971885192,0.0033046716897402
2024-03-22,-0.0026023805175915955,0.0001142926178456607,-0.000985073610538346,-0.00029539460408144777,-0.0019426705181396831,-0.0018958134439868
2024-03-25,-0.0016421153465208797,-0.0005972469077823888,-0.0026457567415537164,-0.0017620825093364288,-0.004081709422419144,-0.0027627134879406
2024-03-26,-0.001068265687350315,0.0018784109244626064,0.00040689301681730544,0.0012638513072803495,-0.00044289619674082884,-0.0018469717766842
2024-03-27,0.011897939341270865,0.009198675904793532,0.008159779050445348,0.008362105328510002,0.007611820566309017,0.008403622778631
2024-03-28,0.0018821496778224853,0.003405563369102722,0.001405358835569426,0.0012220498525882923,0.0002452243002587443,-0.000190859301171
2024-04-01,-0.00474737483503887,-0.004717533743623173,-0.005534736204599263,-0.006704597413602657,-0.005206106706630824,-0.0017401110946072
2024-04-02,-0.003975427281503696,0.0026110681428058438,0.001756032485690363,0.00036525813482434443,0.0006902691328191813,-0.0063578972716445
2024-04-03,0.0013644160212031747,0.001643179872084696,0.007825069717060207,0.000304957089620239,0.0070428855154710205,0.0010984749410591
2024-04-04,-0.004461165535040245,-0.0005001491817983954,-0.005564628046346129,0.0001957966964320182,-0.0064594170421022,-0.0122059705103886
2024-04-05,0.00808655386619554,0.000980907390759153,0.012482323687230405,0.000922843452400705,0.013788828703671107,0.0104467344211895
2024-04-08,-0.0009796337886509303,-5.6744648964153043e-05,-0.0027020048570533996,-0.000391390114891222,-0.0033659188214445975,0.0005592537544236
2024-04-09,0.001405713526677015,0.0028950302235063057,-0.002397889366462446,0.0015954083487272192,-0.0029402527514224347,0.0011569133517939
2024-04-10,-0.00879438709699126,-0.010754389243617817,-0.006445218322026057,-0.010132267271546628,-0.0057599816763932565,-0.0100130445921068
2024-04-11,0.0036280442689752856,0.002559879848952515,0.011668307190177958,0.0018481436760782195,0.01248543178888475,0.0075467405600819
2024-04-12,-0.011281395510432475,-0.006574319801292666,-0.006941744612092257,-0.005647265794319164,-0.0069625280388621764,-0.0138030293624755
2024-04-15,-0.005013525523527745,8.60979659433941e-05,-0.003875550743967005,-0.0036903586844281217,-0.007251567594751174,-0.0125281061213522
2024-04-16,-0.002818580563577499,-0.0033878821816437405,-0.004527413565302581,-0.0035732426703297218,-0.005012547534090727,-0.0018237255045222
2024-04-17,0.00194364797652418,0.0024508777552190485,-0.0014338472510744878,0.003821657331498433,-0.001932752022772462,-0.0059183618848681
2024-04-18,0.0002636916670609984,0.00024188638064932062,-0.004935978007205791,-0.0011596030315114167,-0.006696748628292149,-0.0020577059283769
2024-04-19,0.00066793551122057,0.004386979652686075,-0.009308009576662682,0.004139025335676167,-0.011172636766329885,-0.0087284607160603
2024-04-22,0.0021594238677158,-0.007397509603444194,-0.002885031526233408,-0.0012791547187996815,-0.00015656152897495232,0.0092093253058398
2024-04-23,0.00831986650001567,0.003815955384453298,0.008532267851078258,0.00318577244266857,0.010283651470178842,0.0118666368385789
2024-04-24,0.00027657523036990494,-0.0027432459325380776,-0.0033206585723698995,-0.002106195989218372,-0.0022421215557830035,-0.0004746523673456
2024-04-25,-0.005063046785656345,-0.0020166656473270075,-0.007828097752372845,-0.0014806858098712103,-0.009865449081978905,-0.0037990221536245
2024-04-26,0.003402306815199925,0.002985648379826537,0.007422370390829367,0.0019984228240450914,0.008064341181549242,0.0094740171345255
2024-04-29,0.0059631405144162705,0.004345963544534066,0.004668120743314578,0.004469976766773131,0.004137972203694178,0.0035414887818734
2024-04-30,-0.01067412181142831,-0.008626814578541786,-0.0007974423598106455,-0.007215014436949241,-0.002302392672643148,-0.0158412876389648
2024-05-01,0.0009629373365790401,0.0033777424053912284,0.0026438014044889435,0.001823314330203142,0.002237633349857275,-0.0032470254850324
2024-05-02,0.0060507366966451055,0.0010661326480571201,-0.0017184975106826028,0.002688029238346577,-0.0007934270709783514,0.0093533238048741
2024-05-03,0.006605851592605815,0.0027069447755335985,0.006682680138529401,0.0030355322684304277,0.00933611099052389,0.0123953325435501
2024-05-06,0.008910361258852525,0.006216686255167631,0.015800833409982777,0.006244747649217801,0.01662882132932741,0.0103269181377565
2024-05-07,0.004023953368291925,0.0018873676684999998,0.0026511594145665974,0.003796895337146845,0.0027544462475961977,0.0011032412748137
2024-05-08,0.0008451664421380053,-0.0016562067258473882,-0.0016485690675994348,-0.0013341890435950097,-0.0008996368087869162,9.672418927753056e-05
2024-05-09,0.00873482523171897,0.007283269115014108,0.0065550620660516255,0.005676032218238937,0.006083417553507941,0.0057618650498401
2024-05-10,0.0010801193482055903,0.0016397010475883128,-0.002074226097985544,0.00039903012491645834,-0.0018591805041931102,0.0012881687006938
2024-05-13,0.001056167349315265,-0.0016258879271057094,-0.0007822250013444854,-0.0002905531527601479,-2.0321538557503726e-05,0.0001340667692224
2024-05-14,0.003916537004999,0.004390275342072541,0.007078431713847043,0.0027285548792844224,0.006578075413082217,0.0045884037080496
2024-05-15,0.00925334311706905,0.008875530242758091,0.017676263901457386,0.008481582788741858,0.018245966242454087,0.0123831262431817
2024-05-16,-0.00388902603661707,-0.002275969579206053,-0.00792180369011144,-0.0022259295300827413,-0.008254424927411,-0.0020577575341174
2024-05-17,0.0025411403857961952,0.0021586120270926084,0.0033954834469889996,0.0009700110762379747,0.002511931021643263,0.0014375435634979
2024-05-20,-0.0016454751959626903,-0.0013799819571759277,0.0084425380747505,-0.0019759220951870208,0.00914688203475828,0.0011524092622734
2024-05-21,0.0032639744221739397,0.002002322536855452,0.008626667042883885,0.0022103095238565004,0.00871561498662421,0.0024522295931146
2024-05-22,-0.004141784050887565,-0.004829024453508087,-0.005610381526645201,-0.0031627061733613413,-0.004349750553831766,-0.0028791607718797
2024-05-23,-0.01019642733126596,-0.009307459524720608,-0.00915835487283471,-0.00731045726725686,-0.008801856940248667,-0.0073043977817307
2024-05-24,0.003248338203354125,0.002541167255028798,0.0035676284886271064,0.0023926865302818304,0.004389824104715805,0.0066166335398012
2024-05-28,-0.002885318867094981,-0.0042212856256773875,0.0007802883437483758,-0.0063503374531787655,4.0626690908992114e-05,0.0006986330659797
2024-05-29,-0.009214651367653886,-0.00832752487467341,-0.00407303003023367,-0.008635362091920472,-0.0033790144542092185,-0.0070023939960212
2024-05-30,0.0041166760957624055,0.007734705073550983,-0.0015267365945297682,0.007611753334519045,-0.0037097846763943327,-0.006633816295271
2024-05-31,0.00950033292841263,0.005479353149281279,0.002003771227060746,0.006723972469634703,0.0023136796742072906,0.009108334135929
2024-06-03,-0.0004899293359350898,0.006530366832168422,0.007391007309550604,0.005383327922386226,0.0056388795652195884,0.0008152403229582
2024-06-04,0.002446562672812715,0.002482366998187737,0.00031924370671632053,0.002888978092209536,0.0011518886676146168,0.0011178898116688
2024-06-05,0.00349409641697092,0.004113867714938844,0.007929762509693041,0.003770114220890346,0.008669923168084834,0.0118850612509848
2024-06-06,0.0030903265395763758,0.002635316357490974,0.0023194746035298443,0.0027897530059453677,0.002165291412908191,-1.852301249838373e-05
2024-06-07,-0.005373179872452361,-0.014956397307639601,-0.005848026136997132,-0.009864642831437204,-0.0020029575629004013,-0.0012157417572239
2024-06-10,0.0016377847417600104,-0.0003034775834530605,0.004708420596246228,-0.0017103379701484745,0.0037992734796716988,0.0030897708548087
2024-06-11,-0.00040398381739965546,0.0019506593115523117,0.014502778838338736,0.00036675810809202287,0.016265278531066418,0.002408221654687
2024-06-12,-0.00015398496559088462,0.0007080645942798313,0.009484852255935414,0.0004690433361562165,0.010217589184604173,0.0082131093861355
2024-06-13,0.0024047529237746553,0.003432831041383081,0.005067628299573145,0.003645384294172616,0.005347201099282533,0.002013393833566
2024-06-14,-0.0008820758672582749,0.004480497153798157,0.0012389266839293058,0.0024697678049494434,-8.850415089162135e-05,0.0006083856691376
2024-06-17,0.00095998777375096,-0.003987344626647711,0.004400938352687008,-0.002646279096976197,0.006633558014801488,0.0079590591172626
2024-06-18,0.0014853642171835306,0.006335202915650536,0.0018526906266921933,0.005703036611017527,0.00122189138906523,0.0025407198591695
2024-06-20,0.0038500031003771053,0.0021678032742501003,-0.0020439986499011307,0.002149778700529667,-0.002727745732530845,-0.002716786674363
2024-06-21,-0.0011478758581037751,-0.003982228014546102,-0.004821039314022231,-0.0026170543593021325,-0.0036610207096300007,-0.0013407225096309
2024-06-24,0.006705301661636716,0.005907218857239306,0.0033391751769184666,0.005771195868440099,0.0028217872442247976,-0.003250510789635
2024-06-25,-0.00175685707798825,-0.0016000019691199924,0.004384735820432726,-0.0016396175532102874,0.0048533451353866,0.0038508693264691
2024-06-26,0.0012910243764266598,-0.006805339423109965,-0.0015925002749423139,-0.0060004453562004356,0.00020760052777413652,0.0012480417281484
2024-06-27,0.00274232978048064,0.004038618235477528,0.006435472751711085,0.0014003637854248523,0.004500875483279718,0.0015766909053591
2024-06-28,-0.002689182692011089,-0.004247403766993491,-0.006516708425628813,-0.005618010933506374,-0.008053014326865776,-0.0039354078065482
2024-07-01,0.0007098676856813201,-0.0037572758191892065,0.00813137910500773,-0.004037781827493722,0.01095013130615731,0.0020583686249009
2024-07-02,0.004301007576122116,0.002082298567509239,0.002007487426343042,0.0039019502890277015,0.0032449383692576264,0.0067295469582875
2024-07-03,0.0029327585428052796,0.0071943469007383545,0.0036812138061211473,0.0066556813194938134,0.0030110361695812778,0.004462634526017
2024-07-05,0.0047591368825660695,0.006357430433175734,0.014214270343014309,0.004730329046115483,0.014589848157734352,0.0057665976484717
2024-07-08,-0.00103170754246609,-0.0018375242509126204,-0.0012670315565148776,-0.002697998461091976,-0.0011852903671615027,0.0011538714567145
2024-07-09,-0.00117482855934726,-0.0011243926200912083,0.0018720554302991714,-0.0013725456471248652,0.0007885781294425341,0.0009722846551516
2024-07-10,0.006954516855069531,0.0037166291955337966,0.008734771707433569,0.002577856331843522,0.009278790887817377,0.009895619987329
2024-07-11,0.0007549754306387254,0.007847412533376681,-0.0027308539206407118,0.005792065864733669,-0.006646979482062337,-0.0086226749882875
2024-07-12,0.006158421245655735,0.0027338169503365118,0.0064667214096975015,0.004569786828412513,0.006968838249861502,0.0063075133376995
2024-07-15,-0.00038925561956478514,-0.0027745417339200182,0.004029278321185164,-0.0016056369190213722,0.005235355979266488,0.0027499528880754
2024-07-16,0.012150610359897871,0.012704450219615117,0.0053327398093351,0.010103598835134925,0.0028115027359620504,0.0059301155201991
2024-07-17,-0.0006476357438602799,0.001500753383480736,-0.016569470254614166,0.002180249169064892,-0.017492565703853706,-0.0140210175339318
2024-07-18,-0.010121681516432869,-0.00699948282610545,-0.022639507612703256,-0.007856728907636468,-0.023385586183180165,-0.0076849785890167
2024-07-19,-0.005321725837834541,-0.007318024874448533,-0.004726331258673071,-0.00606319998482773,-0.004505343137817921,-0.0066405287279913
2024-07-22,-0.00042926622674195484,-0.004726635722346462,0.0041846243006541765,-0.00031842238976460303,0.00557564856228897,0.0103099682449792
2024-07-23,0.0012671442158730152,0.001914156109145648,0.005144131040826444,0.004686394300052148,0.004824738435560764,-0.0015687322354536
2024-07-24,-0.00649326914482998,-0.001978835479084876,-0.01815989315261378,-0.004537605526756814,-0.022595756818146566,-0.0226624241564039
2024-07-25,-0.00345415745532145,-0.00076131678190933,-0.0175993019846075,0.0008514238642805946,-0.018509542045245485,-0.0052101936151491
2024-07-26,0.00996718436165706,0.007283459009413315,0.002292629609171595,0.008163186591244606,0.0033829682154872622,0.0111996680170107
2024-07-29,-0.00017159675830120995,0.0008572870088016218,0.0012076782138963496,0.0015380859417080403,0.001696308538224616,0.0005874576247846
2024-07-30,0.00043717938868508043,0.002944804558716595,-0.0037372934221501833,0.005149854331947062,-0.004966293717854375,-0.0050663274510809
2024-07-31,0.008541745799647817,0.009015530735840705,0.01142642263048851,0.008236747863863244,0.009875691013964483,0.0162546171274244
2024-08-01,-0.0007732148940488399,0.0035476560581596244,0.004115978134684098,0.0028096858246935102,0.0032620434141128972,-0.0141608714654679
2024-08-02,-0.00596351123048391,0.0076914780330357025,-0.008524678872268453,0.006156672402236429,-0.011007539845781646,-0.0186183714243766
2024-08-05,-0.023425952982024684,-0.007887369497575101,-0.024735274136035868,-0.009523728507234153,-0.028824441436103868,-0.0291236928166455
2024-08-06,0.004571208351620916,-0.005655571544220003,0.002782390334080772,-0.004904452606707824,0.005097889173969965,0.0092194261091864
2024-08-07,0.00024415096997132965,-0.001604840965897719,-0.006350412994457514,-0.001298064818497277,-0.0062113396228187685,-0.0066840451761475
2024-08-08,0.01552031972341894,0.006945700652874211,0.03243495911223783,0.007813130823438196,0.03340199383621567,0.0231174843751618
2024-08-09,0.0063073207361771,0.005853002435879615,0.019021266494169502,0.00591583068327077,0.019542579154599064,0.0044096926107977
2024-08-12,0.00017203639763785036,0.003970573284173031,0.0038436127768399775,0.003443814806519039,0.0027242266955343065,0.0005254050700769
2024-08-13,0.009427681757141615,0.004316599480871867,0.01295433924997859,0.005371757931974528,0.014288391286076807,0.0164453770180186
2024-08-14,0.00432786272174127,0.0020344471337994966,0.0064598450956260866,0.003348773853635683,0.007405251287035574,0.0031550112069695
2024-08-15,0.00590580613910374,-0.0030727975193841532,0.004974850617715307,-5.019267181821576e-06,0.007327046263553998,0.0171402779986524
2024-08-16,0.0029012618336593746,0.007989830631213515,0.003184836346824994,0.005124270839710758,0.0012927974422072552,0.0022417674580861
2024-08-19,0.0035908621657496,0.001718334363568367,0.0012098452083156327,0.0016293316323126165,0.001487447676518276,0.0095615449783064
2024-08-20,0.0016023093280754,0.003990359539200657,0.010961614606891497,0.0032921106485927173,0.011209171969120333,-0.0016261722061099
2024-08-21,0.001208206544309675,0.0005304560797554834,-4.420890550699443e-05,0.0006610876272861952,-0.00011075499866801999,0.0034364599351983
2024-08-22,-0.004531321508134701,-0.005789165954724722,-0.008039149281146234,-0.004296540868933917,-0.008411232404054749,-0.0078482922795387
2024-08-23,0.00762413751318156,0.006763034332321322,0.0062241489844948586,0.00583172796189974,0.005466040915228947,0.0106252735932128
2024-08-26,0.002737204248244195,0.0017365923326572988,-0.0007029428359820638,0.0014460507220153183,-0.0011716456021868655,-0.0023838081109496
2024-08-27,0.00011910890055430543,0.0005623472292157553,0.002237097245747394,0.0019270495846143755,0.0026457238806956197,0.0013730708321384
2024-08-28,-0.0036474594519196953,-0.0020602290115599117,-0.005938153616130489,-0.0015481079967810747,-0.006377536620112903,-0.0058050745530676
2024-08-29,0.004346914494022795,0.0006451111464648716,0.0021880651063871533,0.0020791605335995643,0.0035959574128289306,8.930518884420202e-05
2024-08-30,0.006942715280595775,-0.001900710331005262,0.0037974666585152096,-0.0009276057404663575,0.005608326816848708,0.0095459617125326
2024-09-03,-0.00537693094554143,0.004539271987540788,-0.008879185266413151,0.0027675270972029337,-0.010938691285674984,-0.0205788097128762
2024-09-04,-0.0018076609561156049,0.0016334502153830801,-0.0028789018058478374,0.004066146888579051,-0.003474860373446049,-0.0020467176748472
2024-09-05,-0.00397060857544188,0.0012195701760710984,-0.005741772712585774,-0.0013074112921876828,-0.006732199952373541,-0.0024322937114864
2024-09-06,-0.0085387041005846,-0.0037223635325263392,-0.008657919394787685,-0.003695517251065242,-0.009402472820426066,-0.0168302039682303
2024-09-09,0.012071796162691564,0.007887676682920092,0.005291242437527343,0.008524407956158567,0.006633071318228608,0.0111961378816578
2024-09-10,0.0009997345806371152,0.001958406407766624,0.0027601408565495525,-0.0009902962614627571,0.003371046654887664,0.0043556871607624
2024-09-11,0.0032624583932339348,-0.000984397682168008,0.009982223467102917,-0.0008675684557276983,0.011691275870851683,0.0102590784476241
2024-09-12,0.005220203682569941,0.003758424875908251,0.009798877173494622,0.0030191683819076696,0.009673204071852527,0.0084233480399613
2024-09-13,0.0044936734713372905,0.004399475693132493,0.001738457123799692,0.0033591588832994467,0.0017710852233066088,0.0052226709110505
2024-09-16,0.003632691840225852,0.005932344909290676,-0.002611133321036009,0.0061199199940718055,-0.002880023815637999,0.0014769268670506
2024-09-17,-0.0017875307778807152,-0.004738293155291321,-0.004344250558505521,-0.003403596217386501,-0.002809346921159378,0.0004085115150294
2024-09-18,-0.0030815817806075854,-0.00661744528582588,-0.002310002963245521,-0.006035455672043647,-0.0020964215664714195,-0.0029657143579988
2024-09-19,0.007522564142872938,0.004245382900315405,0.016890606605183652,0.002714240942458575,0.017750669452405006,0.0170642675392951
2024-09-20,0.00182138396444155,0.003870122565625619,0.002321436476622558,0.0020509065442523545,0.0008761401209191209,-0.0017286028901163
2024-09-23,0.004411581726853971,0.0007618958705112351,-0.002055004333927852,0.002959583097505535,-0.0019002683231409004,0.0024989046670664
2024-09-24,0.0006511695638189204,0.004836824134801554,0.0059519910226876836,-0.00071215144826869,0.0020387031201811396,0.0028613778394273
2024-09-25,-0.004549603639416546,-0.004580257792279245,-0.0018007467089978105,-0.005249538690738129,-0.0016454828595442869,-0.0022055737811803
2024-09-26,0.00107973089304749,0.002354839025780573,-0.0006696474290288044,0.0031062367511131127,-0.0005505101553535815,0.0039646905098096
2024-09-27,0.00120916128985693,0.0006811076691216202,-0.010893274352058755,0.0021965489615202003,-0.010552794662150663,-0.0014503989358952
2024-09-30,0.002005147674335005,-0.0030126478394341015,0.004012588325449081,-0.0019961895421730727,0.005587864603094675,0.0040073067813788
2024-10-01,0.00010778368289230016,0.006145921000224392,-0.004599574356474233,0.007339918575338162,-0.0072818586805206975,-0.008958604559465
2024-10-02,1.8403782888039925e-05,-0.0027181237692718097,0.0003104655097871167,-0.0026411518520893067,-0.00010025448878844665,0.0004221833121256
2024-10-03,-0.004996177842560155,-0.005315393207158827,-0.004147164751490188,-0.0045941422929397,-0.003988484182427847,-0.0018281779867485
2024-10-04,0.002997553060149265,-0.003649502871705495,-0.0003705296362476329,-0.002215448546731139,0.0006292360465931865,0.0090874246672898
2024-10-07,-0.009519951841008106,-0.004360294104032876,-0.00434574925939354,-0.004538428219430208,-0.005947489960598195,-0.0090404831795332
2024-10-08,0.0014581706939466152,-0.0007412417190250252,0.006218187203916384,-0.00012944592028785683,0.007967323662489572,0.0094576610817553
2024-10-09,0.005306137067663745,-0.0018227377539399333,0.004136037445083242,-0.001216395099835105,0.005907513086628855,0.0069264821988341
2024-10-10,-0.0010913374380172002,-0.001039424190892202,-0.0018606137977253828,-0.0019940434054074104,-0.002532811089861882,-0.0017502523603367
2024-10-11,0.00801463036124537,0.005707383630889792,0.00798573773107501,0.005196763177573442,0.007361669658864977,0.0059881262417149
2024-10-14,0.0038639947265409905,0.000497785345054357,0.001660349527118047,0.0018874182785747575,0.0029187172231754997,0.0081784562408848
2024-10-15,-0.006171762006759049,0.004054515748545391,-0.0017160158175701869,0.0005821192822397586,-0.001995006232123708,-0.0077696031506094
2024-10-16,0.006125744306752395,0.0037113341582730676,0.0011065482022530318,0.006367534807790643,0.0012412562203663856,0.0043464140096862
2024-10-17,-0.00181988847554175,-0.0037858682936332774,0.00033329418483836015,-0.004153418336932695,0.0011445575006230697,8.579045798295937e-05
2024-10-18,0.004359882212177269,0.00366555559568252,0.005335516248982972,0.003163478170793632,0.00506433631504891,0.0038464414079508
2024-10-21,-0.005593289947601065,-0.007710260753170546,-0.004410144404189779,-0.008383308944054526,-0.004101324401141776,-0.001642173644626
2024-10-22,-0.004204154684037355,-0.003183339998825133,0.006204332313246967,-0.005992944252759218,0.0064110587683111585,-0.0005310730001248
2024-10-23,-0.005287930576639009,-0.0031803196863869794,-0.009676321689728488,-0.005636613543904736,-0.009779541629632618,-0.0091373657810248
2024-10-24,-0.0025528377940251556,0.0012992303085682193,-0.0005998992241519423,0.0005011478531615151,-0.0013805686638861357,0.0021626945959039
2024-10-25,-0.0025062559419259402,-0.003303664289196333,0.0019341847869021195,-0.0033411159722738686,0.0023257589987873205,-0.0003454048306994
2024-10-28,0.003089034218391193,2.179373635811786e-05,0.0017304255332825937,-0.00045604741344536313,0.002270629102373906,0.003091430193628
2024-10-29,-0.00449427255297573,0.00045100047926082765,0.006882081930023886,-0.0020090312128025383,0.00653190572529575,0.0016183796278272
2024-10-30,-0.003320636996348001,-0.00028037873663717527,-0.017070865380880484,0.0006333355814121999,-0.016514050370533908,-0.0030252091843017
2024-10-31,-0.010139479987247705,-0.0033987984914537472,-0.021116409682150603,-0.0033829439974617957,-0.024608300948589876,-0.019603086259658
2024-11-01,-0.0010663325932453002,-0.006756079517102534,-0.005956320510270319,-0.005128209904854467,-0.004696224477547765,0.0042204788029083
2024-11-04,-0.0001826085680505453,0.003599101031344283,-0.003543723623415049,0.003929048208812131,-0.004328497703808706,-0.0021540016850669
2024-11-05,0.007668214651880811,0.004067122330769145,0.004188562579175758,0.004741877668051676,0.004663329583580868,0.0120919242037547
2024-11-06,0.008405955526054186,-0.01131673040249502,-0.013072982555455161,-0.004630893434785035,-0.00641112155456811,0.024865485130566
2024-11-07,0.0052118764079606555,0.006876643188144406,0.01673680861376086,0.006211452106116525,0.01592085661057304,0.0077321673675725
2024-11-08,0.005271816069857381,0.003927302215151322,0.007686810149159087,0.00522016552730451,0.007338738507371402,0.004331711643122
2024-11-11,-0.0025334767008510454,-0.006882645321390643,-0.009200061624122152,-0.0027286543744428956,-0.007976924255140922,0.0009528857307679
2024-11-12,-0.005877877368125715,-0.008137364013335101,-0.006690761522198629,-0.00858932753297981,-0.0047302400147017885,-0.0031064400712772
2024-11-13,-0.00025605286233890525,-0.003779423509695369,-0.00503186495508419,-0.0051566027883753595,-0.0037265691156607847,0.0004858730531422
2024-11-14,-0.00456136823735564,-0.0019284080036789442,-0.0053701483344302595,-0.004286152499811289,-0.004763360030934596,-0.0064301021569338
2024-11-15,-0.0068916858627954,-0.00040822814609214387,-0.019822722562210064,-0.002947843221806107,-0.02164204638158644,-0.0128087444589711
2024-11-18,0.0028241636877415453,0.005777363749695761,0.0009242801058342021,0.0028410428065534497,0.00037914700413380943,0.0040973037869487
2024-11-19,0.0009638206272613621,0.002915696339446935,0.004244129731608794,0.002866886857021691,0.003864181033959053,0.0036556867915835
2024-11-20,0.0030990084255838202,0.001612060891520258,0.008933739857297578,6.493990180951137e-05,0.0074528499662786934,0.0003387221816493
2024-11-21,0.004458506310615915,0.004522793897516048,0.0007410355817190374,0.004481501328409007,0.00038334549979726434,0.0053682472463352
2024-11-22,0.004250159243319363,0.006310783170528629,0.005911436392522882,0.003393405623578462,0.005955107566346684,0.0030994993753996
2024-11-25,0.00624902816146082,0.0021143628517165903,0.001713471283382297,0.0026808312107817296,0.003787539424709664,0.0033922096640999
2024-11-26,0.0063346113360291546,0.0010621057532375806,0.01640882998297885,-0.00023881847317930565,0.01791528683188638,0.005221275893982
2024-11-27,0.00047943848479246014,0.0029235669482016564,-0.0012681370674251548,0.003925039100339953,-0.002121832123744281,-0.0030299846945225
2024-11-29,0.0045260247671557955,0.006079884630638196,0.007648830938817762,0.006270365869929649,0.007035883728353934,0.0062120497392532
2024-12-02,-0.0014799779839384402,-0.0033303204808330803,0.0032155800026267027,-0.0020650231515539383,0.005354652014064301,0.0017923273750353
2024-12-03,-0.0019171822059433352,-0.003226839122040205,0.005362345562149585,-0.003364488580112876,0.005301419455714912,0.000463842281654
2024-12-04,-0.00040441812274781487,0.0010988065020890478,0.00960936118389939,0.001369634351917161,0.009500079570066,0.0062096137619003
2024-12-05,-0.0008047850167465656,-0.0004656156393551736,-0.0018802831511039238,0.0005559441768993696,-0.0004888067487780728,-0.0016458419887134
2024-12-06,-0.0024476299469336806,-7.652781161786228e-05,0.0005914529132701566,0.0001980232520067517,0.0011382027754024164,0.0018957974675537
2024-12-09,-0.001808314492487155,-0.002521728902434217,-0.001715920015397586,-0.003783503347614214,-0.0018185786259120621,-0.0051496730700588
2024-12-10,-0.0017142520258309952,0.0013967867745311464,6.395235328004144e-05,0.0005475885009433635,-0.0005656461434177099,-0.0031089910422201
2024-12-11,-0.002433501712737515,-0.002185180076309885,0.0010810355662797659,-0.0029291340421473545,0.0020226310109563487,0.0077304295440854
2024-12-12,-0.00640624646855767,-0.008420652710721933,-0.0094234197056145,-0.00764241316569284,-0.007577393756017854,-0.0051524356199333
2024-12-13,-0.00175289565619939,-0.006292944557159992,-0.0027329900826221754,-0.005592630036498323,-0.0018197826752516667,-0.0001986181659039
2024-12-16,-0.0039115652863438,-0.00218833986413923,0.0005423285549039215,-0.001229419435147456,0.0015942720668672243,0.004270056430311
2024-12-17,-0.00225395709277925,-0.0010347629283025928,0.0010816404835687185,0.0003178972539701852,0.0024097967675475312,-0.0041201963634855
2024-12-18,-0.020493156708000865,-0.014255094508023288,-0.021065025400451,-0.015326230954930138,-0.023688071591324168,-0.0298033611475635
2024-12-19,-0.0034080746628594003,-0.0045824659297983026,-0.0032980178057525275,-0.0037358657516161397,-0.0020002325043965326,-0.0003070465047961
2024-12-20,0.009762583157132295,0.0063297170153858075,0.010183876206153998,0.007319659680243548,0.00995101663437813,0.0120110124328263
2024-12-23,0.0030388875486204153,-0.003002962282829796,0.007010722284643724,-0.0022746001370427668,0.0073824555259103765,0.0059882082012892
2024-12-24,0.006012234883789245,0.002794241881244041,0.004211910043041427,0.003826563394481304,0.005346834403586972,0.0111149932829843
2024-12-26,0.00089195534190089,0.002439333483895273,0.0012381276074906428,0.0014299364216956044,0.0006158288027476113,6.648855168323031e-05
2024-12-27,-0.00687251295780673,-0.005101558299780521,-0.01103544745916543,-0.004906930665748413,-0.01208145902682951,-0.0105263788179079
2024-12-30,-0.007266425067088385,-0.0007029140933289962,-0.007043566181906718,-0.0015341380178457511,-0.008836742813392933,-0.0114116895113994
2024-12-31,0.0005288255679369051,0.001328349147881133,-0.0019604171278224036,0.0005127748505299767,-0.0027725964829154216,-0.003637924844082
2025-01-02,-0.0027411671514709656,0.003346679203597273,0.00027754327171116886,0.0007321891189411651,-0.0020563112624174575,-0.0024571239965799
2025-01-03,0.005130824715970166,-0.0019454597873489756,0.0009558929860234611,-0.0006194881050100368,0.0023407303485081417,0.0125034045605449
2025-01-06,-0.00504130031658529,-0.0061277152064133115,-0.0035122071727221055,-0.006615161083764674,-0.00269755239276266,0.0057607202567815
2025-01-07,-0.004727698507183971,-0.002684841321929236,-0.0010472447671571092,-0.0030968124625189043,-0.0023676569662869004,-0.0113040442551956
2025-01-08,0.0033989695704547142,0.0028540017087520606,0.007007044551720194,0.0032715258620073825,0.006938787079397682,0.0014609058966514
2025-01-10,-0.012737226585014416,-0.0037546865754556685,-0.0014169566362504421,-0.0055161784286064195,-0.003931399454571848,-0.0152675333100243
2025-01-13,0.0066583040052403545,0.0010865540628375286,-0.003841307042218544,0.003422164804744744,-0.0038310339410599073,0.0015505849049237
2025-01-14,0.0014179454130873047,0.0013262192018169451,-0.015478611924572354,0.0008207341961911322,-0.01575129325543593,0.0013758434983093
2025-01-15,0.011285581097967486,0.008906409293498108,0.01191261158317471,0.010119531057588279,0.013904772202417749,0.0181900307835882
2025-01-16,0.0002101832770285447,0.00470125600481758,-0.0006109416629019333,0.004524814402250234,-0.0018730589081163013,-0.0019231018964384
2025-01-17,0.0043585753618832854,0.0008970358688621992,-0.008311887840870991,0.0016867873835606834,-0.006694117820391242,0.0100400061991927
2025-01-21,0.010248147446181195,0.010242529953115191,0.007440783905966216,0.011655395886559453,0.005768215770259136,0.0091534794929999
2025-01-22,5.2642022975680266e-05,-0.0006715359959903104,0.01155578688369296,-0.0028998868985938174,0.014317010232888937,0.0056214348098035
2025-01-23,0.0057187460736683494,-0.0004927028489108648,0.004101297653251271,0.00020150686738198932,0.0051458374313489924,0.005458058539157
2025-01-24,0.00422876537989267,0.0037084083421339183,0.006889167123720013,0.003663672302134217,0.006066587153265315,-0.0029192649597693
2025-01-27,0.008396574668427255,0.006770761925123537,0.006364055218498215,0.007586656926921426,0.0062271826555392075,-0.0141453562224046
2025-01-28,-0.0064997068613537904,-0.004165125090774366,0.010513334685097625,-0.010390893082307966,0.012670003660967315,0.0085923153170601
2025-01-29,-0.001148498578372365,-0.001752102403133279,-0.0021826255868273767,-0.001011143782718057,-0.002177803399702599,-0.004483069851784
2025-01-30,0.0010403849309320303,0.004960175651417967,-0.002346339807009095,0.007760659868957388,-0.007127292187047955,0.0053671865296924
2025-01-31,-0.004216108272590775,-0.003111907828471171,-0.005389513250423231,-0.0035969895920629357,-0.005614672531038709,-0.005321809023117
2025-02-03,-0.0024481180089188505,0.0037268832168194346,-0.005685346339653105,0.0008193648831021996,-0.007388584077573437,-0.006729655863189
2025-02-04,0.004522899800917555,0.0038659488590278178,0.011393132616847181,0.00330567501423063,0.011243314083410018,0.0067084736384277
2025-02-05,0.002665239988794285,0.007907475384809078,0.00806099554792677,0.007421675193506329,0.007740849616765312,0.0040544226445209
2025-02-06,0.0031903738222797155,0.000553123066602781,0.009728212600900017,0.001065604293991149,0.010392365453282384,0.0034756291897781
2025-02-07,-0.00656403733698551,-0.0024842242579913034,-0.004137852581795539,-0.002831786309235762,-0.005421250206664928,-0.0091535130138586
2025-02-10,0.00544363859256369,0.0033894872785867713,0.002349820524384671,0.003425460111859475,0.0020037328166185565,0.0067911209503601
2025-02-11,0.005420144643745091,0.0003341746079197225,8.077698047032544e-05,0.0011055819655664907,0.0009496943156367477,0.0007605411933127
2025-02-12,-0.0049061114144222755,-0.004837281309966239,0.001473180031130477,-0.005096335252555899,0.002010601236222498,-0.0032213825135849
2025-02-13,0.0068216914349758006,0.008845621807129205,0.00789320967884647,0.007220611232749903,0.007808098869680341,0.0105575003019837
2025-02-14,-0.0072460482799075,-0.005410755775759818,-0.00952415898786935,-0.00439856419785517,-0.00896905842948005,-4.927878362037674e-05
2025-02-18,0.003054299681995311,0.003097250221926123,0.006762186589162153,0.0023716266154297514,0.006902075564659848,0.0029357958462659
2025-02-19,0.004751119291307984,0.0032218498926011446,0.005376623888295259,0.0022352676390979243,0.005778567287036027,0.0023550205989428
2025-02-20,-0.0009786559358242151,0.0011110333523365046,0.003152145985702924,0.0003353507663483978,0.0028501095057958436,-0.0041602448320542
2025-02-21,-0.006011338251133676,0.00449211095087458,-0.003313357040399174,0.003923107783148053,-0.004923120741499488,-0.0171041061042446
2025-02-24,-0.0019574510589839655,0.0027600495712638467,0.0030951503273969772,0.001066004025669127,0.0022745528675196663,-0.004550509873166
2025-02-25,0.004504543377041305,0.004535709648610109,0.0027530249268382253,0.007369957181815991,0.002225953593875367,-0.0049732868911795
2025-02-26,-0.0027054624742260756,0.000602464978176092,0.001314368471357586,9.803329139549408e-05,0.0005808917747497453,0.000504902084202
2025-02-27,-0.0054135664247833,-0.005185382062809019,-0.012235736266179867,-0.002669684601330772,-0.011892432883047694,-0.0159619111900132
2025-02-28,0.010698060111978991,0.004629449082695621,0.009375980031601417,0.007026891863172147,0.011407975199464179,0.0156055966610777
2025-03-03,-0.0040623139625878355,0.00583094343068568,-0.0009250799156325735,0.004107326639017789,-0.003990215263184557,-0.0175199776663043
2025-03-04,-0.01032355750126921,-0.006903695260164027,-0.006097980253551835,-0.009038840006469505,-0.007890878176411707,-0.0118367616486667
2025-03-05,0.008308651077714519,0.0006544287022372383,0.011033431381090305,0.0033541965513529406,0.01352396090748992,0.010747623220092
2025-03-06,-0.004749423408177535,-0.0005999025136548453,-0.007580045536334212,-0.0038192700311519153,-0.00905616364058014,-0.0177510521383853
2025-03-07,0.006879421328460565,0.002763975662266317,-0.009820316272563983,0.002445216548612293,-0.009739097454642213,0.0056048858449071
2025-03-10,-0.010580231686779816,-0.0004181978801334318,-0.025530685077730972,-0.0015860074885295334,-0.02915046263716113,-0.0266355116512779
2025-03-11,-0.01226382076341281,-0.007613961844327155,-0.004549557702117324,-0.007919230912090878,-0.007083233627373191,-0.0083131117419007
2025-03-12,-0.005103753064226805,-0.00485968619162102,-0.002083912093979495,-0.004037714674984135,-0.001907945234737746,0.0053067124815113
2025-03-13,-0.00586662105362203,0.007838174288123168,-0.008130470433089306,0.00343981069966638,-0.011907826913715757,-0.0133303252486057
2025-03-14,0.012086288831768922,0.0006607981759955213,0.010768030161891961,0.0024705461654175175,0.013532236047987638,0.0206556763199499
2025-03-17,0.006253119972573225,0.004961073969979095,0.006326556930933631,0.005780173099024849,0.0061558603864767785,0.0077112264864067
2025-03-18,-0.0037970128928955004,0.0033938821034658023,-0.0012766938839769626,0.0015628836146731268,-0.0032834982479975888,-0.0108082701623134
2025-03-19,0.006715962504399005,0.0041887106164410015,0.009857400960265104,0.0053176510955918205,0.0110868116670888,0.010890623478484
2025-03-20,-0.00036127310864624994,-0.0008410372324771168,4.8200428729506086e-05,-0.0010076977629030204,-0.00038127561978460595,-0.0028915897931346
2025-03-21,-0.00335008418493978,-0.005881932610093008,0.0005204242201833828,-0.010188089110286966,0.001877183542983736,0.0003298919546212
2025-03-24,0.00706396875433233,-0.0034188160877427123,0.00898117306059706,-0.0005610141892896669,0.011462174211128835,0.0179084877516009
2025-03-25,0.00061819033552839,0.001411394545939494,0.0004484795642394693,0.002715034029596156,0.0009309083358209785,0.0024037137188281
2025-03-26,-0.0006211380814150399,-0.0002361188985582994,-0.012137118208575675,-0.0017794521950581955,-0.013067388522004739,-0.0119382295892477
2025-03-27,0.002055589042782335,0.003406139034986836,0.0030371856245087364,0.0016161700827772754,0.003310567156526659,-0.0026556273152104
2025-03-28,-0.009349493079276894,0.00429499267087919,-0.006056363119895134,0.0012569172287521845,-0.010798866715886464,-0.020138321487112
2025-03-31,0.007398474490896329,0.008746711591855978,0.007368314003628672,0.008369749319854139,0.006862640530835625,0.0067128006251988
2025-04-01,0.00114088053633015,0.001968115690691146,-0.0021053524320757133,0.0015415809180886037,-0.0015310477394942458,0.002824553388518
2025-04-02,0.0024480501745959443,-6.684373058219535e-05,0.005421269647165785,0.0013372506417645576,0.005465522499471596,0.0063281872609415
2025-04-03,-0.022531464634915982,-0.0023752142070164405,-0.03076236995108053,-0.0050751178079818035,-0.03595830425550796,-0.0492805872134507
2025-04-04,-0.048836240749545505,-0.019910027886070734,-0.03989271315998407,-0.02571360739732956,-0.04627246991756508,-0.0585431011169611
2025-04-07,-0.0130976725861366,-0.01795390466846463,-0.021518956359712314,-0.016518347114874307,-0.020304303560181543,-0.0017811272052864
2025-04-08,-0.007395302317316775,-0.004370863193892782,-0.009453976755953561,-0.003364139906214922,-0.012002447807621868,-0.0156628147122814
2025-04-09,0.06114582231514426,0.02300613356267288,0.06255895527170596,0.029534931760499053,0.07386311898999831,0.1050193779894761
2025-04-10,-0.017534365871574,-0.004551553641961956,-0.019467289867392473,-0.0107649021620401,-0.024175041543975505,-0.0438191753906471
2025-04-11,0.017938046970754833,0.0121742515653002,0.018927186981901906,0.0132785469241999,0.020978709911814195,0.0178427778788536
2025-04-14,0.007403375571543255,0.0045000252093396415,0.010673085169769137,0.005564700879949861,0.011515955479317068,0.0097015081085467
2025-04-15,-0.002342181399282185,0.0016044159268650629,0.0008729716793172064,0.0004064591535893285,-6.632482534242611e-06,-0.002800792432763
2025-04-16,-0.010197546207116472,0.006825375587326479,-0.010439490507135578,0.004120884825707513,-0.01694650600782085,-0.0222279632640862
2025-04-17,0.00021441084925576462,0.0018149853860963301,0.03333932616083803,0.0012798739717116924,0.034832494245926555,0.001426717111798
2025-04-21,-0.01883526178290973,-0.003473722196806515,-0.00899613909429883,-0.007800228427052483,-0.01353968383294182,-0.0238026483352638
2025-04-22,0.017576599325296108,0.002681235808657921,0.0094322321049486,0.007916209628478799,0.014116684799015811,0.0260176979532371
2025-04-23,0.00640616791341098,-0.0030001499310111424,0.0032048714394541326,0.0015079993335269286,0.006939213854891027,0.0154953629188225
2025-04-24,0.01028210052730212,0.008235767717153408,0.023744222981741447,0.008976757011473942,0.025404595994402913,0.0210490309818542
2025-04-25,0.002326198783201815,0.0001596853358499478,0.007742815701875791,0.0036111103073072333,0.009046533128149957,0.0072251980963009
2025-04-28,0.002368934793936725,0.006218137841432269,0.0027354367242240435,0.004202150421577614,0.001787934664882153,0.0003812728059755
2025-04-29,0.0032659048905153403,0.0018900032855224923,0.0025747654864371576,0.003298707242446292,0.004267157900250805,0.0062995026128918
2025-04-30,0.0010797544962632352,-0.0015259223667990949,0.0028248442003907695,-0.0009806038930829054,0.004435400693590777,0.0003969417508358
2025-05-01,-0.004602418046613667,-0.011057954238419146,-0.022210120978287083,-0.00930909009076841,-0.015593637603938525,0.0070867564578449
2025-05-02,0.007545696912107316,0.0001008475505047627,0.007700595083623381,0.001235767247263112,0.009540143202577955,0.0148442489839601
2025-05-05,-0.003943718567630875,0.00399427866773508,0.0017536250145433832,0.0014705007830912611,-0.0006510707617141834,-0.0057341063843984
2025-05-06,-0.0037325153332003857,0.006909965641514383,-0.008399779122966184,0.0016653582260362579,-0.010979363373015593,-0.0083586542677563
2025-05-07,0.0009369857104912498,-0.0021981548187186986,-0.004557684111675154,0.0006208328807143871,-0.0036210766320815047,0.0042056387902336
2025-05-08,-0.00015916879219444042,-0.008808496567185416,-0.011329928796060047,-0.00613343578327479,-0.008287498868062685,0.006967762571935
2025-05-09,0.0013709140844289799,0.0014827320927401858,-0.0025127112936896507,0.0008844889799286826,-0.0026141256490654816,-0.0012741118157988
2025-05-12,0.014761691991856427,-0.006886674372856746,0.014381702829036927,-0.0025648511233050115,0.020456298113865116,0.0330474294146709
2025-05-13,-0.007065909997562515,-0.0020966210339539264,-0.0009094366583948363,-0.0033192892130277335,0.0005279607681404467,0.0066038608215337
2025-05-14,-0.00616978593632667,-0.009484042999759346,-0.015839339097162824,-0.008135192291068766,-0.013562097252770671,0.0012780826440004
2025-05-15,0.006958918456603,0.013566983449010838,0.010397983176860774,0.01411969741669945,0.010350531537451368,0.0048842851346415
2025-05-16,0.00812473084727388,0.00040705572533697356,0.007150855199492399,0.0023209241024529158,0.00804750018893559,0.0063340439294972
2025-05-19,0.004356719328449424,0.003024547377348423,0.0023391757192008965,0.0022952869031881893,0.0017433817156997527,0.0010939238063631
2025-05-20,-0.0009816118182372348,0.002167935026263492,-0.0007296680530155461,0.00014548855113562633,-0.0023777444172480284,-0.0033621533263863
2025-05-21,-0.016570851991299016,-0.007023057104207574,-0.014161579942494326,-0.009728788924805673,-0.016153340702346083,-0.0168507735873245
2025-05-22,-0.005982371446329135,-0.0018906401574320395,-0.0044642760545745685,-0.000534417751554439,-0.0037200912478716165,0.000394601855117
2025-05-23,-0.0013138742473031502,0.00636589539655843,-0.001176687487135105,0.0027168479422876946,-0.004737737879507974,-0.0068258512570531
2025-05-27,0.01196300875353666,0.0035449011773973325,0.009834385601297476,0.00748411435223642,0.013501788054322733,0.02079068471986
2025-05-28,-0.00518459878704808,-0.004380185428701071,-0.004240057035525909,-0.005062152006435205,-0.0044014185329121144,-0.0057854517409962
2025-05-29,0.00590762751023742,0.0059531703066728735,0.004084438833641169,0.006059208591193684,0.0038184632245918462,0.0039475475867198
2025-05-30,0.0048280844022541855,0.001923807662380248,0.004691642523105781,0.003481373895059707,0.005572051380360825,-0.0011187156032976
2025-06-02,0.003125491950071815,0.003672827662524068,0.009578717648630256,0.0016110477068451837,0.0083139068446527,0.0056330269005624
2025-06-03,0.00039285156851964504,-0.0028751090884526756,0.000823646516397588,-0.0015733674139252719,0.0020354979754820322,0.0057025572694056
2025-06-04,0.00109526696097848,0.005692758876347602,0.008504576988545644,0.0070517164292626545,0.007804276244481561,-0.0002684085986693
2025-06-05,-0.002781212005419905,-0.00330747106658156,-0.0018510610085883527,-0.0029825283861537287,-0.0011851337619100217,-0.0048328596233543
2025-06-06,0.0084160541478209,-0.004286474273271102,0.0005292416930935659,-0.0020868352046446116,0.0030563236657834415,0.0102689266083904
2025-06-09,0.0014181522525803785,0.0016737913045491112,0.0021248569616703333,0.001148451780246223,0.001399967302123333,0.0009014354786658
2025-06-10,0.0071492537468508454,0.0041770203314597625,0.01190956263532356,0.0044585136166877416,0.01206230107811614,0.0056696145937771
2025-06-11,-0.0013710599014005054,0.0005567524362138359,0.0006234708457694689,-0.0015532869739146938,7.202810006360413e-05,-0.0028519750150198
2025-06-12,0.005707878903427586,0.007212043208278058,0.00780638599277505,0.007928094172834278,0.007026786730275445,0.0039742753822695
2025-06-13,-0.00513367326991126,-0.00014614532548803526,0.0004850493824222796,-0.002880320583769017,-0.003148523818050952,-0.0111800597851331
2025-06-16,-0.0007859696216893598,-0.007645044744196595,-0.004852018024260351,-0.007285186597179541,-0.0022539901784958765,0.0095141361677757
2025-06-17,-0.004345838086814381,0.0018334121748055814,-0.0065379536201041945,0.003990342022126302,-0.007243881662119088,-0.0085448641827297
2025-06-18,-0.00431504411469726,-0.0016669795937643956,-0.0014461934406995941,-0.00584613516274557,-0.002895774288206645,-0.0001509202249363
2025-06-20,-0.001829381415539965,-0.0003214719237345739,-0.004913480354693002,-0.0014660226422043622,-0.004872071072015189,-0.0023484742531844
2025-06-23,0.0056594656877078054,0.004829263707323798,0.007583962859069628,0.005190030919905829,0.009266972430487495,0.0098774857395875
2025-06-24,0.00460975703330058,-0.0008355298696053467,0.0007284259516842024,0.0016944436169793724,0.002926644730378546,0.0110471860395073
2025-06-25,-0.0032921192068437353,0.00010729574147564204,0.006832237161454535,-0.0010513033639974224,0.006265197708700512,0.0005602827185173
2025-06-26,0.006354676072851544,0.002938776810516177,0.0036725735789183965,0.00364231293696406,0.0043755822100006204,0.0078239121695418
2025-06-27,0.0017036665973420148,-0.006000920237597586,-0.011445668711355678,-0.0034296224441446362,-0.009885425073512984,0.0049682214362314
2025-06-30,0.0049529946634951205,0.008555357814577993,0.009466356663245147,0.008068553170983069,0.00975446903078197,0.0047812801671411
2025-07-01,0.008677684000743435,0.004421929533322399,0.002156377053945098,0.003165976954508321,0.0009232602201958121,-0.0003236142841347
2025-07-02,-0.0003603638514839448,-0.0002323633312957627,0.005274658480374291,-0.0014254061272271964,0.005774670187627537,0.0045333654920893
2025-07-03,0.004731740810118087,-0.002677981321693221,0.0010953229714604552,-0.000501681121746917,0.0035422522124146194,0.0078812999972548
2025-07-07,-0.00644614137513088,-0.005141244992756167,-0.007120639427420295,-0.004443775835273139,-0.00761403346736047,-0.0074520706056897
2025-07-08,-0.0037335820711041755,-0.004395189627962015,-0.0011156566973547317,-0.0038884220423535004,-0.0008065363796975059,-0.0005476359239223
2025-07-09,0.00407334112309163,0.003995195139794509,0.009071587326425172,0.004749150640781906,0.01000446240444051,0.0059966560783442
2025-07-10,0.003483709195971795,0.002485540779487125,0.00267967653394834,0.0018174546831976075,0.0023057843918308746,0.002820258275139
2025-07-11,-0.0015564332746977154,-0.002955127288466669,0.0010566706287917856,-0.004488080856763541,-0.0001584260615282142,-0.0035153098751226
2025-07-14,-0.000685685497856575,-0.0016239128537963192,-0.0011245626277592384,0.0008618718747826358,-0.0007356248200171959,0.0019080849682644
2025-07-15,-0.007159099619824114,-0.005864832295967969,-0.009621474109534747,-0.006334866401857051,-0.008912467222887467,-0.0042732121893562
2025-07-16,0.00343120802734402,0.0029402909301954818,0.008899428503512852,0.003282150465337072,0.009019443246322265,0.0033431741923299
2025-07-17,0.0009181847702565103,-0.0002881732340008408,-0.007308197522091251,-1.1520464052882165e-05,-0.006247584655193131,0.0061196378775145
2025-07-18,-0.002086239768340985,0.00046768474305373866,0.0039995024070540305,-0.001027046548460944,0.003591797621831527,-0.0007323346017438
2025-07-21,0.0044436883409175775,0.008680584223534307,0.002487583138586696,0.004737989353357229,0.0014936101579441324,0.0018961434921311
2025-07-22,0.0008497954282402137,0.002041449457784527,0.008495718187318077,-0.006748074422971425,0.007358237215138301,0.0001431954391026
2025-07-23,0.00392015287452917,-0.0017873906659994813,0.004714495258129385,0.0027954114397461434,0.006243884802554282,0.0085073782196083
2025-07-24,-0.0011789413749372557,-0.0011491441645861934,0.0014556315504590332,-0.0012561187053279515,0.0027033797835445354,0.0003310296833012
2025-07-25,0.0019913868032973253,0.00017278865927441728,0.0020832281278554523,0.0019565700894304972,0.003276493015687226,0.0042244358356355
2025-07-28,-0.004109902785885585,-0.005466785376483483,-0.0040563291520509135,-0.004865534807998085,-0.003780977708769475,-0.0002510690047468
2025-07-29,-0.00459959639814766,0.005064022191491978,-0.013986716960262205,0.0032777211819992095,-0.01518253432714469,-0.0026375648019045
2025-07-30,-0.004330403937189455,-0.007265858887492027,-0.006757595442598824,-0.005275869792888757,-0.005616977448006995,-0.0012593694992442
2025-07-31,-0.004838600322606565,0.0001646125259279292,0.00016397689094105463,-0.0019755347413516725,0.0018369951038812494,-0.0037512610547767
2025-08-01,-0.009793707171871885,0.009647992441796477,0.006761828474326872,0.006262253320254622,0.002311294422542214,-0.0163904176213074
2025-08-04,0.00565742573077482,0.0036706224201196527,0.008652596960394462,0.0044955277894931246,0.010072002943859057,0.0151998634193017
2025-08-05,0.0012348662810299754,0.0004479852355456695,-0.00272416681676209,0.0005887011693326913,-0.004768218432094071,-0.0050700236210009
2025-08-06,0.002424651859620372,-0.0017523587918837637,-0.0015050274780246077,0.0002243002399661552,2.3555204899453064e-08,0.0076596604450434
2025-08-07,-0.005775142634247285,-0.001708062666856755,-0.030984086728767415,-0.006167867210726796,-0.0323837133541951,-0.0008376364316551
2025-08-08,0.0029298479604144053,-0.0017741214470817425,0.0002817831595000068,-0.0017720977698945583,0.002101744492574076,0.0077975548309496
2025-08-11,-0.001454022303858785,-0.002266555612021967,-0.0017490384486122342,-0.0010083899254990725,-0.001299206442754013,-0.0019774044951013
2025-08-12,0.006357476557995956,0.00039955223459322984,0.005410555987554945,0.002083142664101779,0.006802606089710349,0.0106459807696153
2025-08-13,0.00916756135042294,0.0061263371864890195,0.010252024175889989,0.00836502850328126,0.009552736485616657,0.003423228406564
2025-08-14,0.0011529570229031499,-0.004037586584677354,0.007187085792692338,-0.0030431346637924865,0.008539807398175779,9.29178689290655e-05
2025-08-15,0.008403957919454906,-0.00036455181131040586,0.004333112142249134,-0.0010466588323424777,0.0031029739963481674,-0.0023411979263346
2025-08-18,0.0007445348955226099,-0.00031070169736849263,-0.0026200486099775453,-0.0008392227809936375,-0.0031239370624013794,-0.0002177125565093
2025-08-19,0.0016424884699794947,0.002690706262743507,-0.0009484153649323656,0.002263556655872156,-0.0016644993363287804,-0.0054251010281531
2025-08-20,0.00046175063095266504,0.0047535859119718134,-0.00022167958586349359,0.004468060593338948,-0.0016376923305515831,-0.0026570808049446
2025-08-21,-0.0013383542320020202,-0.002694463302786051,-0.0010691645599821293,-0.0020651806636326716,-0.0009582296708291241,-0.0040117130958806
2025-08-22,0.010828531165781346,0.006312644651073571,0.009096374647354036,0.0076017745700190644,0.009618680509363587,0.0153567344506935
2025-08-25,-0.006392705282177725,-0.003808083841356398,-0.008393607035736982,-0.0038579353170748072,-0.008692682419442396,-0.0044010200352035
2025-08-26,0.00382495926861922,0.0038118272076550536,0.01698813133218881,0.005256809525131212,0.016770595561553848,0.0041869687585276
2025-08-27,0.00232709022853936,0.0013896980351565088,0.002220340825219813,8.689127817504468e-05,0.002639274019705164,0.0022785484055947
2025-08-28,0.0009687001720433649,0.0030069826102809075,0.004254944828717063,0.0029469584235574746,0.0041298561853026034,0.0035413241328445
2025-08-29,-2.919274359083489e-05,0.0009300783004440871,-0.0007633641502422768,-0.00045559742769915026,-0.0017235434123295892,-0.0059636393929621
2025-09-02,-0.00279891285100679,0.0024051261445405436,0.003543549802757094,-0.000483000986793475,0.0015145053907309283,-0.0074102519726757
2025-09-03,0.0013658882250631654,0.004509350091890526,0.009816527624075687,0.0033093298536115774,0.00991369816658665,0.0054195456406531
2025-09-04,0.007016998227150996,0.004289467532449869,0.00378696197612761,0.004897321119776597,0.004244191067830946,0.0083573208832941
2025-09-05,-0.0022882311519897254,0.006831021021473251,-0.003741550224927912,0.0041857217110283194,-0.007974639808239956,-0.0028961941058495
2025-09-08,0.0007471166068080198,0.004296968421337826,0.008230216692064595,0.00410424737036242,0.00703115793299702,0.0024565777359784
2025-09-09,0.006026660176825054,-0.0007478726269755276,0.0007065946925767846,-0.000649729303268427,0.0003825492965053947,0.002311884620151
2025-09-10,-0.0007186071727468353,0.0034617945951317306,-0.0008395990684715066,0.003350794881528402,-0.0024997234225152473,0.002890805295761
2025-09-11,0.008326923719458701,0.004864614703694623,0.004288003812721169,0.006299123368488589,0.005281577173011486,0.0083102904575622
2025-09-12,-0.00010850990249890527,-0.0012471210303284489,0.005065580440070888,-0.002268549340800558,0.006129557065549707,-0.0003346304093461
2025-09-15,0.0027565436667107055,0.003374232241564477,0.004265884006259008,0.0028975022736554158,0.004440114134401262,0.0053239627983452
2025-09-16,0.001136763806711645,0.0022671808462956357,0.005619954313739764,0.0025372501401845996,0.0050847670550624915,-0.0013769781981408
2025-09-17,0.003722480107323065,-0.0006416213708577722,-0.001919342365306572,0.00047949863238918135,-0.00013790876536907916,-0.0012423636756685
2025-09-18,-0.00282534385559417,-0.005110926383092507,-0.0009866206733288609,-0.004980493092671946,-0.00142801029919483,0.0046724995363542
2025-09-19,0.0021367443590626753,0.0009652846487686539,0.006531829033996158,0.0005914215991508723,0.008252859388708816,0.0049528684508932
2025-09-22,0.0034880069096674153,0.00210069596359366,0.010923556933319464,0.002992147920594319,0.010776316950908735,0.0047309566292503
2025-09-23,-0.0003919491911806798,0.003772487297990787,-0.003308513717623509,0.0027752374100923714,-0.005512526196945727,-0.0054433788650938
2025-09-24,-0.0010879890612371039,-0.004004388586611422,-0.005492605599531701,-0.0032240393782606395,-0.004872871511037286,-0.0031817570232213
2025-09-25,-0.0037417905112059045,-0.0005158016596954848,-0.007108962247179967,-0.0029815988042133567,-0.007773173682362867,-0.0046133749054336
2025-09-26,0.005184709306937365,0.0030310531547431173,0.005544206525770047,0.003033179922087196,0.005967366870216956,0.0057290340826092
2025-09-29,0.003404309168123675,0.006287262271220563,0.006643123991901154,0.006136570657793746,0.005975943158498315,0.0028104467833012
2025-09-30,0.004548963653369694,0.004421318408780659,0.016018529156584,0.004408683115012524,0.01616938341604972,0.0037668347553583
2025-10-01,0.008482767533453901,0.002786085742277894,0.022618007843124368,0.005480744134900071,0.02348986358721028,0.0034075722246513
2025-10-02,-0.0008659050654185054,-0.0014294542495678236,-0.0014129655397379724,-0.0007922497062575668,-0.0018796028646941346,0.0011517326256851
2025-10-03,0.00752117134157604,0.0038279880164820536,0.009629859057100232,0.00476250093917736,0.009927583905152748,-1.4805406382656372e-05
2025-10-06,0.0005629633274740051,-0.001222343240803172,0.007650859965792881,0.0011469505123281227,0.00786571821038445,0.0035862719664676
2025-10-07,0.0010221749003426449,0.0027670179235197113,-0.0005947281938982339,0.0018098172301153326,-0.0015045565089279256,-0.0037075138893177
2025-10-08,0.0038436325586571314,0.003479796720417466,0.007495844098278469,0.0022361229971953776,0.006507409888086502,0.0059630552695713
2025-10-09,-0.004251927112991766,-0.005991169211342087,-0.005142882236214766,-0.005093551660844626,-0.005022060535478656,-0.0028969747249332
2025-10-10,-0.014155483152114085,0.003906272489554843,-0.011568763711242038,0.001029042155020646,-0.015366442766416969,-0.0270278621788456
2025-10-13,0.007396106188204046,0.006541357023878145,0.00553164224978849,0.004687868786539912,0.004437774571617637,0.0153441181351683
2025-10-14,0.00416470395138875,0.004724044538966632,0.0019428412763395119,0.003803564427868526,0.0021390705791492805,-0.0012216462876413
2025-10-15,0.002939428739434445,0.0032111445935462416,0.009937819141130875,0.0010218354799067398,0.008632222740237316,0.0044395299096053
2025-10-16,-0.0026800895516119654,0.007214303995824748,0.003408993076626057,0.001528749048369937,-0.00014848305537552755,-0.0068101345623303
2025-10-17,0.0009472152895929802,-0.004564578768046614,-0.0075681835449752785,-0.0012600132018085615,-0.00471054104070131,0.0056762051642531
2025-10-20,0.01193555113611971,0.012548442491491871,0.018958216780899716,0.010215248175106491,0.017890001330249556,0.0104005002629232
2025-10-21,-0.004387247897992597,-0.016466388019900323,-0.01837622109687146,-0.009172281707484471,-0.01366059270364956,-1.494287878323064e-05
2025-10-22,-0.003932227361261672,-0.0010059762549073665,0.0015399397168220415,-0.000993916705238152,0.001224867460791017,-0.005198916065879
2025-10-23,0.0010989870038217305,-0.0029990451219154713,0.004066842779554469,-0.001011480181966573,0.004287540540650503,0.0059299627059643
2025-10-24,0.00533788380903618,0.0014816998034830851,0.0035865175798167727,0.000895462813627225,0.004617653440710473,0.0081725546944804
2025-10-27,0.006253519901172516,-0.0038516873539448573,-0.00012785919160290685,-0.000355795542513717,0.003250020347499674,0.0117976644927846
2025-10-28,-0.0014545234199691548,-0.001132672245988414,-0.0004333046475625444,-0.000785632398170093,0.0011243807496212198,0.0026560160190798
2025-10-29,-0.000441884297709185,-0.00235539052662933,0.0009028642961757384,-0.004736753371872794,0.001642045737685365,0.000480370638686
2025-10-30,-0.002781507495179035,0.0023453320672109407,0.009851472150705438,0.0032911634899036326,0.0076048714727087255,-0.0109981871425081
2025-10-31,0.004552118690651839,0.0002472833160144423,0.00035302282006122176,-0.0010781824619383203,-0.0008293307823291477,0.0032802220875831
2025-11-03,-0.0009443202243139299,-0.0017825689290446025,0.008281211494283802,-0.0021631478537065063,0.007622786331670525,0.0018767398754619
2025-11-04,-0.00488594460905794,-0.004592194400969811,-0.003311027645413843,-0.0021396130451388855,-0.0021208367198990055,-0.011853547360019
2025-11-05,0.0017530538090558155,0.00027015470436162186,0.006444071190630785,-0.0022866649958947164,0.0053169592709772975,0.0034654763403132
2025-11-06,-0.0032053534912680603,0.0033406040431443415,0.0006107875109884206,0.0020100862141949347,-0.0012981536046053719,-0.0107294537191834
2025-11-07,0.0028923736343738453,0.000998961965136562,-0.003461427031226205,-0.001165606610600111,-0.004205069264332446,0.000984565078659
2025-11-10,0.00732562778447198,0.006860953488792749,0.02229600045554559,0.0042863247740769755,0.021726773111678005,0.0156043703463399
2025-11-11,0.009632966875803851,0.006508071682956478,0.01121652677303731,0.006509812920626551,0.01198779292737151,0.0022891770278539
2025-11-12,0.0033910218678751165,0.005391830091948501,0.011955342052964446,0.003931183376448908,0.010900553381235963,0.0005563903663643
2025-11-13,-0.010793141355531706,-0.006152057404824798,-0.0059970508975402785,-0.006841187136082255,-0.006613985798948179,-0.0165939964147862
2025-11-14,-0.0028075686917322755,-0.005564084141946826,-0.002556250932678193,-0.0030993255935830716,-0.0008992260339194882,-0.0001635496688257
2025-11-17,-0.005248800174779826,-0.003428004555759186,-0.007190279685554662,-0.002764292558246169,-0.00782455966795995,-0.0093166205734077
2025-11-18,-0.004340787072784664,0.003334701655464755,-0.000850609442290059,0.0009034139658627496,-0.003703166184455352,-0.0083974616706855
2025-11-19,-0.0006302034696643449,-0.00014775763344517467,0.0039036427878902233,2.3533384273529507e-05,0.0036085347512852433,0.0038631766432766
2025-11-20,-0.006026911843722076,-0.0007306563377813997,-0.005364085472818748,-0.001377876068155565,-0.00690330481935589,-0.015242227316648
2025-11-21,0.00794634084443735,0.003056601597184559,0.005401572660517865,0.003173457643483542,0.005392838639654379,0.009961138168965
2025-11-24,0.002595395144936269,0.0019651670519133324,0.010872510904794755,0.001601147156271732,0.010502317689559476,0.0147186068762346
2025-11-25,0.008808123799475511,0.003931642500466059,0.011775234637157928,0.005056392339530432,0.01282329846773294,0.0094058360392934
2025-11-26,0.005467127464139186,0.004888935084728309,0.004933805629819116,0.004135533844453351,0.005339436474341751,0.0069035824180052
2025-11-28,0.0045191822479989105,0.0027139228501642416,-0.0010642343954573408,0.001721127632780467,-0.0006515948737795315,0.0054584342293309
2025-12-01,-0.00838221499888038,-0.006326489550673042,-0.004425076528674337,-0.00947112085675133,-0.005136942454721529,-0.0045654703011644
2025-12-02,-0.00017370204022079997,-0.002033963165047636,-0.0004913143164297849,-0.001051599972640766,0.000577345025284141,0.0018522768711999
2025-12-03,0.004091252164787916,0.0027080782114606893,-0.006805761051234167,0.0032853828747851496,-0.00892408589215094,0.0034627490803595
2025-12-04,-0.0033528879358681197,-0.0006969421856799537,-0.005483900496285251,-0.001813379995631878,-0.005329565448864102,0.0007311397879883
2025-12-05,-0.00036670535367126506,-0.0014851366183562162,-0.0020436997215150243,-2.9130027949684383e-05,-0.0009525176716573294,0.0018993947528218
2025-12-08,-0.0058809513938920845,-0.003230323916148337,-0.0027774069645672868,-0.0003723956759881476,-0.002020338108090865,-0.003004209105806
2025-12-09,-0.0035439796495522202,-0.002483172941345167,-0.002727207274124198,-0.001654507925650488,-0.003054913861149051,-0.0008631180942337
2025-12-10,0.0073824657793719346,0.004978343016466349,0.0028080863435972995,0.005256739513243415,0.0005968160143006603,0.0066322352527572
2025-12-11,0.00848279546983073,0.005051295666369353,0.008579341127355158,0.008172886022351531,0.01119085213786344,0.0023269460314641
2025-12-12,-3.5506454003199437e-06,0.000818347250451143,0.0014846388893873818,0.0002712906278902706,0.0007708355621333736,-0.0107520755752826
2025-12-15,0.0002622191763588049,0.002361814224790905,0.004735133205076583,0.0027710511943714895,0.0035732164874974527,-0.0015108085502177
2025-12-16,-0.0050313591603586595,-0.00040636549244656877,-0.0005583177031123181,-0.002299885155695832,-0.0006317191673166643,-0.0027322851452302
2025-12-17,-0.00340424372468124,0.0017897371035854577,-0.00457532356255528,-0.0006999954290248837,-0.005678841150716212,-0.0110035939834002
2025-12-18,0.0016591546138442202,-0.0005079484140042354,0.006741449399759177,0.0010645039021533681,0.008084369714977202,0.0075512627097522
2025-12-19,0.0021808371314447897,-0.0007412825033385704,0.005494777742132393,0.0017451410151481752,0.006488505765307177,0.009063506223587
2025-12-22,0.004836007883815275,0.006764270170265045,0.005333849857842429,0.0064823603144731155,0.003915064248575688,0.0062298038504335
2025-12-23,0.0029905014810031865,0.0038400586578941536,0.0037295289099450756,0.002547447649504466,0.003341126015373304,0.0045704923473306
2025-12-24,0.00448912389977798,0.0029805058542081665,0.0022565379157831332,0.0033658731929842086,0.0027795740923901922,0.0035176743962448
2025-12-26,0.0007355035447222752,0.0019837706677156516,0.0024672681512959934,0.00011276165449757513,0.0015473855350821033,-0.0001014096654521
2025-12-29,-0.002514211614304605,-0.00897290288578108,-0.010590914192930867,-0.003279540584063805,-0.007821353069829527,-0.0035636535074947
2025-12-30,0.0005277049296534651,-0.00027570244795517226,-0.00012947139442983063,-0.000744700670119377,-0.00031535696363075666,-0.001221213613365
