Date,Equal Weight,Historical Min Vol,Historical Max Sharpe,RF Predictive Min Vol,RF Predictive Max Sharpe,SPY Benchmark
2024-01-02,0.0023111513119058458,0.0013176607499747472,-0.005170607598710353,-0.001310573060890663,-0.007678243770961157,-0.00559638348657121
2024-01-03,0.001029874199006242,0.0013913302747106115,0.0014732168223414721,-0.001967181046962807,-0.0005812298560380347,-0.013717492529700115
2024-01-04,-0.0018472835152828493,-0.0021916288951004947,-0.004019872597312402,-0.004855717348064004,-0.006466191272717414,-0.016894250900083785
2024-01-05,-0.0013156542403955918,-0.0032956380385352757,-0.003768238053932005,-0.007544985128770332,-0.006289257900702783,-0.01554785406926218
2024-01-08,0.006930814310105227,-0.0011218783996445048,0.005465318889702031,-0.002821168793019857,0.005268935374876271,-0.0014936961893515788
2024-01-09,0.0045813562520156115,-0.004046057497790967,0.004790645904068969,-0.0062425598860818,0.004424925961663995,-0.0030086241227931243
2024-01-10,0.007649126904576198,-0.005578268732996272,0.009409687198938865,-0.0065088074051226075,0.010291286881769057,0.0026298921394332098
2024-01-11,0.0054593327787255674,-0.004850326854733966,0.013052025928346422,-0.0042333265667452435,0.013028374587802594,0.0021879940638429574
2024-01-12,0.008533447326013022,-5.92384381352673e-05,0.019632725527905848,-0.0006149621066802169,0.01948658892972044,0.0028823580808388094
2024-01-16,0.0011480465243567384,-0.008967475248070955,0.010040198647858212,-0.011839604732776787,0.010721174205696293,-0.0007994644573653398
2024-01-17,-0.006320224747283665,-0.014574202504516909,0.002371653249993333,-0.016376304176662804,0.004588685554228533,-0.006353715168281315
2024-01-18,-0.0034728577459371968,-0.014564552164478828,0.008258339211685062,-0.015855788585784625,0.013509384288927784,0.0024825927809033477
2024-01-19,0.0016236133822311594,-0.011586470908888091,0.016282339766617637,-0.01334422352902953,0.02344481245815233,0.014979623809212361
2024-01-22,0.003915228401017767,-0.00996091498906182,0.018614235966142534,-0.012047838761660268,0.02621215563651602,0.017125683524914725
2024-01-23,0.009007471034183645,-0.006586625990121053,0.020193954583425322,-0.014271192425857837,0.028370252793124218,0.02009217487205306
2024-01-24,0.0066935995918873115,-0.01256647718084658,0.020161688487893015,-0.017748799134307713,0.029070346378287315,0.021207271363054003
2024-01-25,0.013660237024522903,-0.005059748992520263,0.021552356757260638,-0.011884818926301666,0.029147860574824547,0.026761389788960255
2024-01-26,0.014927554108214558,-0.005231767718398839,0.02403918130099081,-0.012278401226999636,0.030076093390281278,0.025457059591288855
2024-01-29,0.021529606566198733,-8.158608469754913e-05,0.031837200254625,-0.007286310902393067,0.037164837580903276,0.03357797020690301
2024-01-30,0.02333256297364872,0.0053693307765649845,0.03003817096488648,-0.002333888523623484,0.03410466436185944,0.03277863803454695
2024-01-31,0.015101020433849754,0.006840311644914054,0.02354537328450257,-0.0021567471827729223,0.024376279426054914,0.01592638762510834
2024-02-01,0.027085460178112086,0.01735853363571671,0.03995168923526493,0.0073791634891069435,0.04011939122740271,0.029223081538298112
2024-02-02,0.028809076134552747,0.0069864054870485415,0.040775345165405374,-0.002057025989848915,0.04156150181634599,0.04005814984465528
2024-02-05,0.023997544025758488,-0.0013592450986809057,0.052005442537083946,-0.00938543947018955,0.05398176397847654,0.03627109458107114
2024-02-06,0.0285764490026168,0.004027794084126457,0.055833635066150133,-0.0022803055034325004,0.05779468678765487,0.03927958641885465
2024-02-07,0.03304092747153531,0.002330301640382393,0.06651203827786856,-0.002149495914898547,0.06934063267470303,0.047947693977944406
2024-02-08,0.03169387596716167,-0.0010598677644340082,0.06815798373787252,-0.005683760418577544,0.07038927528088057,0.048410493085099704
2024-02-09,0.03236634776681968,-0.0035573018838019888,0.0709930208506524,-0.006459787950838125,0.07501007026738882,0.05446960953632152
2024-02-12,0.033269229459609084,-0.002479256855656198,0.06652090589639004,-0.005628707436747815,0.06890288876891093,0.054006810429166
2024-02-13,0.020969307283970284,-0.013322373598123827,0.055981765209996315,-0.016699503494520096,0.05991700656620358,0.03948998572710982
2024-02-14,0.025747085993288232,-0.010939672064520845,0.06352650318055209,-0.013733631061509599,0.06689805826297324,0.04893645828448534
2024-02-15,0.03506790438408447,-0.004142398633498301,0.06572066256241804,-0.006341348458154039,0.0686302641616674,0.056173837318938435
2024-02-16,0.0338333804528681,-0.004797722129355142,0.07193601926453885,-0.006981025958270992,0.07364952362553745,0.050913986897567654
2024-02-20,0.029901695623907765,-0.0032486227986490146,0.06228144109015177,-0.004954667799940471,0.0638274557575782,0.04512843584683113
2024-02-21,0.03447336264756684,-0.0030125732281478523,0.058883445447356575,-0.004590527072234951,0.06126232867118442,0.04607519966272711
2024-02-22,0.0446386637858065,-0.00046014863516607996,0.07438448006215959,0.0003574316409502565,0.0788052136413182,0.06772430295886611
2024-02-23,0.04571932677366641,0.0051790071176844865,0.07565873033401727,0.005483812157208945,0.07790209429994599,0.06846060132400211
2024-02-26,0.04093572626209774,0.001133053498385772,0.0733230344658582,0.0026626315754487706,0.07484338858355644,0.0645473461609678
2024-02-27,0.039476208152783965,-0.0009283806915797443,0.07123872444529611,0.0007601805974830622,0.0736786652362218,0.06652487477405011
2024-02-28,0.03885665424445106,0.0020785916231118584,0.06905150737516741,0.0026189846881534695,0.07091049569752439,0.06511544413600845
2024-02-29,0.041402218495897536,0.005116692124858213,0.07224018668644416,0.00470106507880419,0.07257389021766825,0.0689443014627229
2024-03-01,0.04739414502001238,0.013327180614317813,0.08843720910289776,0.0107520010163904,0.08616215271722982,0.078980037596724
2024-03-04,0.046862767402467975,0.017081096947551888,0.09159625504593527,0.012884168868270818,0.08565123688939913,0.07782280833006783
2024-03-05,0.04075911289759504,0.022889491615468716,0.0795902792446117,0.01708069237572296,0.07031798449018822,0.0670509722584458
2024-03-06,0.04357362957128652,0.0268469143867609,0.08239879268204087,0.022570350048105814,0.0717890779420276,0.07245792361083203
2024-03-07,0.047920039763699185,0.027833449230437735,0.08759983812203131,0.024187798669787375,0.07521821057713929,0.08310355978300388
2024-03-08,0.04902899240096659,0.029457861098537874,0.08378988374518714,0.024982167555186674,0.07241921276761643,0.07660267754120165
2024-03-11,0.0491818074069974,0.03043970733259793,0.07512183186919352,0.024988232710276614,0.06543930340256776,0.07567688089937574
2024-03-12,0.05397718662570705,0.02666112522436692,0.08382326333022139,0.02450469103662245,0.07632016927110485,0.08724837985587852
2024-03-13,0.057899382708769265,0.028052367200231965,0.08466752481679052,0.024710516333901422,0.0757191894099778,0.08554415207326183
2024-03-14,0.05751632894364356,0.020299710224606082,0.08845391378652545,0.017352080708334272,0.08140234638146526,0.0833982246425693
2024-03-15,0.05402134177341389,0.01918297358569987,0.0821062689198786,0.01704003150611877,0.07413195001989492,0.07595897868299994
2024-03-18,0.05786360134516477,0.020374509412171005,0.08721101888124738,0.01706292621696104,0.08017286290506354,0.08235356991934295
2024-03-19,0.06447136797969355,0.022810858459224814,0.09514536790731509,0.020121199799473688,0.08966972629246195,0.08836823860723642
2024-03-20,0.07210297538592347,0.027815151646374936,0.10279189089675089,0.025710416339910447,0.09856313550295304,0.09843492943355536
2024-03-21,0.07301332485746537,0.030095801787771936,0.0978088404017774,0.027674192314726787,0.08914955130593172,0.10206489624787629
2024-03-22,0.07022093588574019,0.03021353413359007,0.09672741788368189,0.02783059159099399,0.0877907405541265,0.0999755868014236
2024-03-25,0.06846350966275416,0.029598242285973297,0.0938257439241692,0.02517869989945498,0.0836012039385039,0.09693666941136203
2024-03-26,0.06732210675719563,0.03153225087209055,0.09427081398098691,0.026818539505600425,0.08291249088494945,0.09491065834214929
2024-03-27,0.08002104044099001,0.04102098173320501,0.1031998220444228,0.036104281110824976,0.09239120373579057,0.10411187449115933
2024-03-28,0.08205380169429755,0.04456624465506298,0.10475021366173154,0.0367857138057599,0.09200477556308684,0.10390114447037924
2024-04-01,0.07691688670597596,0.039638468148452954,0.09863571265713933,0.029896246129694992,0.0855904321787293,0.10198023384153676
2024-04-02,0.07263568193465297,0.04235303503267085,0.10056495265850485,0.02964245271447785,0.08631299104461054,0.09497395671938946
2024-04-03,0.07409920324399888,0.044065808559442754,0.10917695014121054,0.027869470091973714,0.0929340427002674,0.09617675817195814
2024-04-04,0.06930746889727257,0.043543619899548025,0.103004792976094,0.027840822839445778,0.086242871599856,0.08279685698753791
2024-04-05,0.0779544813440356,0.04456723954888697,0.11677285583058827,0.02845105381909918,0.09986988700933974,0.09410854818458558
2024-04-08,0.0768984807114832,0.04450796594755935,0.11375533014990857,0.029307701635784555,0.09686110703265949,0.09472043249790474
2024-04-09,0.07841229147267725,0.047531848077670524,0.11108466808690132,0.031497939695122046,0.09383221265733588,0.0959869291827431
2024-04-10,0.06892831633131324,0.03626628283835687,0.10392348482682534,0.02117246175558951,0.08695654356253368,0.08501276318847006
2024-04-11,0.07280643558332445,0.03891900001394366,0.11680440316223661,0.022582532567562374,0.10346932404401565,0.09320107301663105
2024-04-12,0.06070368187737163,0.03208881426021293,0.1090518322138243,0.013906614375474913,0.0952670063126626,0.07811158650669281
2024-04-15,0.05538581689537958,0.03217767500779356,0.10475364556038991,0.011127565178949528,0.08757020984922437,0.0646048901402776
2024-04-16,0.05241112694480288,0.028680778654344152,0.09975196891916238,0.007063285606115466,0.08070000168572578,0.06266334304988974
2024-04-17,0.054456643702160745,0.031201949491969527,0.09817509258166379,0.010459301041141789,0.07818627099767528,0.05637411682393689
2024-04-18,0.05473469513238216,0.03145138319925067,0.09275452447661947,0.01035475436314015,0.07208148907972745,0.05420040954116434
2024-04-19,0.055439189890177376,0.03597633943008072,0.08258315489784973,0.015240859736405321,0.06124427796615328,0.0449988626796296
2024-04-22,0.05771833046774888,0.028312694510205683,0.07945986836620023,0.01663747440529395,0.06129157339676228,0.05462259715027895
2024-04-23,0.06651840577185997,0.03223668987372341,0.08867010909759032,0.020302061028131257,0.07145329049897708,0.06713742051242022
2024-04-24,0.06681337834563017,0.02940501077281077,0.08505500736733262,0.01868112549228451,0.07003256591876994,0.066630901209491
2024-04-25,0.061412052299502085,0.027329045050398904,0.07656109070295947,0.01815340468863247,0.06510259286598119,0.06257874678605568
2024-04-26,0.0650233017587758,0.030396288349302303,0.08455172586651205,0.020235099474617657,0.07153674272786348,0.0726456360398895
2024-04-29,0.07137418535829099,0.034874353054891394,0.08961454427522719,0.02471952349840656,0.07736097785921126,0.07644439852685037
2024-04-30,0.05993820679815687,0.025946683898998568,0.08874563948175629,0.017899096535630044,0.0772461232077104,0.05939213318243408
2024-05-01,0.06095886087194957,0.029412067518874707,0.09162406673254941,0.02040235059895923,0.0788932093958854,0.05595225992734787
2024-05-02,0.0673784435850584,0.030509557332360604,0.08974811349126832,0.02494309685727547,0.07847193877704406,0.06582892333693713
2024-05-03,0.0744293871765278,0.03329908979471896,0.09703055156529627,0.028836996748355048,0.09118468641454514,0.0790402272762325
2024-05-06,0.08400294116339824,0.039722786043723035,0.11436454855624101,0.033614349090921536,0.1071063434896673,0.09018338737066034
2024-05-07,0.08836491844973104,0.041685125214304675,0.11731890662040523,0.036610737319557884,0.11039710628092814,0.09138612268072399
2024-05-08,0.08928476795560503,0.03995987930370948,0.11547692923230679,0.03547540406354077,0.11035013120589743,0.09149168611862901
2024-05-09,0.09879948003127081,0.047534186973495984,0.12278894973667343,0.04138764230701808,0.11700655066560217,0.097780713917067
2024-05-10,0.09998631460945084,0.049251829877261066,0.12046003159459984,0.04196281565361182,0.11398610172285895,0.09919484067296036
2024-05-13,0.10114808423963484,0.04754586399457006,0.11958357974487921,0.041339001454925084,0.11507973036286678,0.09934220617399547
2024-05-14,0.10546077145954302,0.05214487877095553,0.1275084756620477,0.045314864460728854,0.12288270135531154,0.10438643202921982
2024-05-15,0.1156899792803181,0.06148322246225013,0.14743861302897998,0.05358404308643605,0.14299815634963364,0.11806218863829465
2024-05-16,0.11135103190210405,0.05906731893908845,0.13834882959011074,0.052716923120157855,0.1353900313840184,0.11576148774601247
2024-05-17,0.11417513089206688,0.06135343439125118,0.14221407419788323,0.054194180362270306,0.13830546003329292,0.11736544349112066
2024-05-20,0.1123417833502256,0.059888785801604616,0.15185726000881483,0.05052119130186172,0.1456158082149328,0.11865310577754418
2024-05-21,0.11597243847979599,0.062011025003975595,0.16179394907183942,0.053937595425966434,0.15697145902104248,0.12139630002796142
2024-05-22,0.11135032163287018,0.05688254779433621,0.15527584176219866,0.04994881906379578,0.1510782711071592,0.11816761979118984
2024-05-23,0.10001851883876167,0.047045656258356994,0.14469541562732768,0.04204587326629605,0.14012599699229322,0.11000007870958384
2024-05-24,0.10359175101790274,0.04970637439456094,0.14877926360292038,0.04574717549214746,0.14708275280505823,0.11734454245955561
2024-05-28,0.10040753691712045,0.04527526396514725,0.14967564267184974,0.039260019748327935,0.14760541873657962,0.1181251563030099
2024-05-29,0.09026766510209039,0.03657070820359665,0.14499297925421906,0.029488801163407574,0.1451347238435312,0.11029560342171352
2024-05-30,0.09475594393699893,0.044588276919433456,0.143244876572312,0.03672801767978062,0.143404954024152,0.10293010635516686
2024-05-31,0.10515648987975901,0.05031194498427438,0.14553567776147203,0.043637855387067326,0.147042908031491,0.11297596229242557
2024-06-03,0.10461504129456789,0.05717086727322984,0.15400234032915816,0.04991682202779679,0.1553691195323219,0.1138833051753696
2024-06-04,0.1073175512224267,0.05979515334559449,0.15437074831384412,0.0519123349515378,0.1561718300012711,0.11512850397361318
2024-06-05,0.11118662551060199,0.06415501041139149,0.1635246341961094,0.055203751351079244,0.16487011281311048,0.12838187454605876
2024-06-06,0.11462055502983959,0.06695939551723473,0.16622340003570857,0.05861288321791536,0.166917295306779,0.1283609735144935
2024-06-07,0.10863149829813157,0.05100152688675985,0.15940329511072204,0.04768944441243406,0.16613702581755252,0.12698917796177
2024-06-10,0.11044719805027858,0.050682571483174677,0.164862253464777,0.04713446294389079,0.16842964886548906,0.1304713162775213
2024-06-11,0.10999859535218937,0.05273209522472411,0.18175599310390544,0.045911030600033875,0.19182830586157484,0.13319374178138332
2024-06-12,0.109827672256678,0.05347749754861475,0.19296477410106228,0.04717992042028629,0.20420343068595392,0.14250078593831805
2024-06-13,0.11249653359642342,0.057093907803598354,0.19901027615069067,0.0503006083526214,0.21161173993090454,0.1448010899755705
2024-06-14,0.11151522725172947,0.06183021404880984,0.20049576197611918,0.05278249036672733,0.21156447740359385,0.14549757055272483
2024-06-17,0.1125822682802291,0.05759633105041018,0.20577906981723815,0.0511055331811785,0.2206207994792979,0.15461465343543468
2024-06-18,0.11423485817020529,0.06429641841046196,0.20801300539775025,0.056877825340641675,0.2213273930247881,0.1575482058151063
2024-06-20,0.11852466582870891,0.06660360367106466,0.20554382844565433,0.05798592698703553,0.21612868847371236,0.15440339427461502
2024-06-21,0.11724073836811044,0.06235614492010999,0.19973185425394102,0.05487828651414417,0.2096556684116362,0.15285565965871672
2024-06-24,0.12473217454753849,0.06863171517248623,0.20373796908062425,0.060003118374625686,0.21385502398390965,0.1491082898981042
2024-06-25,0.1227561808658435,0.06692190232394624,0.20901604207206703,0.05790148165766129,0.21984820314031883,0.15353335576446425
2024-06-26,0.124205686464125,0.05966113664068162,0.2070906836926576,0.051734517233384514,0.22173784174240896,0.15497301352726933
2024-06-27,0.12728862919750128,0.06394070343054548,0.21485888289640598,0.054393627319080595,0.2279307963579753,0.15679404897363303
2024-06-28,0.12425714412696243,0.05942171767893689,0.20694200177828503,0.0495302848665915,0.21760522177567188,0.15224159264273363
2024-07-01,0.12505521794397456,0.055441178076778064,0.21675610475250107,0.045342910513796575,0.23369826418996453,0.15461333058533522
2024-07-02,0.12989408895990717,0.057638921729977755,0.2191987273337177,0.05023566064016527,0.2395528322803171,0.16238335521217406
2024-07-03,0.13320779550176942,0.06524794302862591,0.22368685852118375,0.057421438951422044,0.24294568998767363,0.16757064730561133
2024-07-05,0.13860088651695324,0.07202018272051403,0.24108067434339775,0.062237504686795564,0.26175327170916507,0.17430355745478843
2024-07-08,0.1374261833944752,0.07005031963729724,0.23950818596482382,0.0610827191451504,0.2608679228699533,0.17565855281125375
2024-07-09,0.13608990263007414,0.06884716295477089,0.24182861399525946,0.06012679634761664,0.26444170417493584,0.17680162758185003
2024-07-10,0.14399085900678932,0.07281967152617197,0.25267570343826673,0.06426526552548961,0.2764600140424689,0.18844680928887025
2024-07-11,0.1448545439982145,0.08123853006255954,0.24925482908224095,0.06939961639930337,0.26713213229834154,0.17819921871150513
2024-07-12,0.15190504054515874,0.08419443828340167,0.25733341203163485,0.0734268289624258,0.27579922709523674,0.18563072599799502
2024-07-15,0.15145665503492145,0.08118629556670043,0.26239955829123573,0.07020181219272814,0.28351607382836463,0.18889115463714412
2024-07-16,0.16544755619656204,0.09492217303685768,0.2691316066710223,0.08105791554610309,0.28622957452135545,0.19594141652508545
2024-07-17,0.16469277070157462,0.09656538119269076,0.24810276826509603,0.08336546988916615,0.2634770509668025,0.17917310095443195
2024-07-18,0.15290412141204146,0.08888999063933078,0.21984633614152238,0.0743695784983962,0.2314440000892506,0.17011118092085264
2024-07-19,0.1467686817605771,0.08092146660229416,0.21408093827223884,0.06929639539321242,0.22770999478706955,0.16234102400900396
2024-07-22,0.14627641269561176,0.07581234458520059,0.21916141086949392,0.07072175841193085,0.23335980012447877,0.17432472305637337
2024-07-23,0.1477289102217505,0.07787161735688253,0.22543293692692545,0.07447732764444503,0.24016289489965437,0.17248252200842473
2024-07-24,0.1402763975023782,0.0757386867585581,0.20317920572663883,0.07084141043693415,0.21336308159948136,0.14591122577869964
2024-07-25,0.13633770328281836,0.07491970884337973,0.18200409154345554,0.07038617853277351,0.19044170098731117,0.13994080642661988
2024-07-26,0.1476637906685403,0.08274884248115089,0.18471398912189008,0.07980569482722966,0.19325037586263294,0.1527077650176416
2024-07-29,0.14746685528244186,0.08367706899760519,0.18614474239625078,0.08100874221710952,0.1956818492525687,0.15338493198334957
2024-07-30,0.14796850414077056,0.08686828617056608,0.18171177145277517,0.08239095357259374,0.19199646082802513,0.14754150624077922
2024-07-31,0.15777415928914285,0.09666698061034729,0.19521450958081776,0.09055011525546353,0.2045329574632222,0.166194354062551
2024-08-01,0.15687895106523575,0.1005575778678931,0.20013398636850943,0.09214774696863337,0.20841023925328295,0.149680025710917
2024-08-02,0.1499798904482479,0.109022492302155,0.18990322953102234,0.09702932637752704,0.1964388769642882,0.12827485597304422
2024-08-05,0.12304051560433327,0.10027522212424622,0.16047064695321822,0.08696642415613587,0.1596807448427402,0.09541532565494037
2024-08-06,0.12817416778847246,0.09405253688719006,0.1636995292642851,0.08254028372190225,0.16385291600343077,0.10551442630868646
2024-08-07,0.12844961260583454,0.09229675655714908,0.1563095566520012,0.08313386383058696,0.15809568458674295,0.09812511794035639
2024-08-08,0.1459635113852451,0.09988352285230029,0.19381440984309872,0.090989612002913,0.19675587182593324,0.12351100819631533
2024-08-09,0.1531914708035076,0.10632114379073854,0.2165222718773041,0.096192566193261,0.22066415602450062,0.12846534638730844
2024-08-12,0.1533898617099314,0.11071387296798973,0.22119811242480214,0.09844831437755719,0.22509295072545266,0.12905824780170638
2024-08-13,0.16426365426804623,0.11550837989544038,0.2370179270645867,0.10530413986928844,0.2426711729814457,0.14762603636210891
2024-08-14,0.16930242753563118,0.11777782272164794,0.24500887125393644,0.10905101926538108,0.2520917579867088,0.15124680936824153
2024-08-15,0.17620810099064,0.11434311780076634,0.25120260440615527,0.10887661103973656,0.2606224190401878,0.1709794997258749
2024-08-16,0.17962058866248531,0.12324653057705293,0.25518747993791013,0.11502616486798534,0.26434896916459105,0.17360456346244635
2024-08-19,0.18385644360425268,0.12517664368930226,0.25670606249605066,0.11852490319854359,0.26569581109989215,0.18482603628273808
2024-08-20,0.18575334782694197,0.12966650304273353,0.27048159002727656,0.12179454947266533,0.2794981056033652,0.18289930511345975
2024-08-21,0.18718598278172371,0.1302657415073687,0.2704254234267145,0.12318631884938869,0.2794698505457016,0.18696429118285618
2024-08-22,0.18180646140378887,0.12372244555684264,0.2602122837972236,0.11839547323858901,0.26999134578556583,0.17764864850027773
2024-08-23,0.19081671637949782,0.1313222190361436,0.26805603280366785,0.12542637928186995,0.277010786921853,0.19016148758727058
2024-08-26,0.19407622495445187,0.13328686452748673,0.2671646618997847,0.12602161051505423,0.2760035251448223,0.18732437097982024
2024-08-27,0.1942184500607842,0.13392416525566042,0.2699994324748294,0.12736181020785575,0.2799176992155459,0.18895465144189982
2024-08-28,0.18986258668745304,0.13158802179349194,0.26245798075239524,0.125827836821498,0.2724018586703685,0.18205268105006311
2024-08-29,0.19503481761142005,0.1323180218395572,0.2652203210083597,0.12762249942301795,0.2775154276753049,0.18215824448796814
2024-08-30,0.2033316041004949,0.13016581327746324,0.27002495299306495,0.12704240308717396,0.28353753376705826,0.19344308182800507
2024-09-03,0.19686137316065877,0.13529594329494987,0.25874816614247176,0.12858448065489836,0.2696914960803729,0.16888344374391795
2024-09-04,0.19469785358651337,0.1371503926980484,0.25512435377385656,0.13374350172309746,0.2647605851335313,0.16649106933977098
2024-09-05,0.1899541760440009,0.1385372274026906,0.24791771500845594,0.13389327914933835,0.2571849905175503,0.1636538204473108
2024-09-06,0.17979350944150618,0.1342991779469831,0.23711334402058504,0.12753619078468192,0.24539172055288594,0.144069289300772
2024-09-09,0.19403573620155057,0.14324616312433092,0.2436592106464981,0.1357144482768209,0.25302783647912586,0.15687844680995378
2024-09-10,0.19522945501754774,0.14548510373584822,0.2470918852454278,0.13353396434695286,0.2529042799773751,0.16191744740728664
2024-09-11,0.19912884138491016,0.14435749085477267,0.25954063512795833,0.13195432130203866,0.267344016088515,0.17383764964990123
2024-09-12,0.20538853817858338,0.14865847251533304,0.27188271910660267,0.13476787747945185,0.27830120869534825,0.18372529271531257
2024-09-13,0.21080516067525035,0.15371196754487504,0.2740938326802713,0.13750941294242303,0.2783513807710509,0.18990750036825155
2024-09-16,0.21520364270253878,0.1605561848623276,0.2707670038196335,0.1453519539033934,0.27220448889273086,0.1916649067248506
2024-09-17,0.21303142878981518,0.1550571294352634,0.26524647355355957,0.14119533792909156,0.267531790549729,0.19215171556130417
2024-09-18,0.2092933732395521,0.1474136020792225,0.2623237504504148,0.13388785362226452,0.2667126911992943,0.1886161341015511
2024-09-19,0.21839036020729785,0.15228481216507905,0.28364516432765274,0.13824942250295336,0.2891618922023351,0.20889899781538257
2024-09-20,0.22060951687180963,0.15674429561866687,0.28662506503516316,0.14078950316303018,0.29169451529572954,0.20680929151390015
2024-09-23,0.22599433551206527,0.15762561432073618,0.2839810449503757,0.14316550450090504,0.2885360275979798,0.20982499288472334
2024-09-24,0.2267926657087651,0.16322484583114716,0.2916232886032215,0.14613317704244322,0.29025964386087244,0.21328675930894891
2024-09-25,0.22121124533204695,0.15789697616685627,0.2892974022170043,0.14029014554348018,0.2882956698547816,0.21061076584356386
2024-09-26,0.22252982484056893,0.1606236371541674,0.28843402752635616,0.14620319519194114,0.28603935673555325,0.21541046285797716
2024-09-27,0.22400806058046152,0.1614141468143968,0.2743987621799835,0.147410578944426,0.27303379821838014,0.2136476328159722
2024-09-30,0.22646237749650178,0.15791521499430816,0.2795123997750737,0.14428532313985887,0.2818985530389686,0.21851109120516
2024-10-01,0.22659457012847706,0.16503167043062095,0.27362718735227753,0.149722658552496,0.2703951462589489,0.20759493218773084
2024-10-02,0.22661714410863731,0.16186497015526902,0.2740226046662777,0.146990337480851,0.27105272250933177,0.20810475861590794
2024-10-03,0.2204887467119374,0.15568920098526995,0.2687390230276039,0.14020708794312964,0.26576086707594127,0.20589612809052027
2024-10-04,0.22414722648952168,0.15147150992747527,0.26826891761890836,0.1391009388008686,0.26805455939199163,0.2168546183111193
2024-10-07,0.21249340384703785,0.14645075549177666,0.2627573389094542,0.1343399697199641,0.2594891656855607,0.20585366460234034
2024-10-08,0.21426142619513122,0.14560095836299847,0.27060940043591253,0.13386650635351582,0.2716444103163038,0.21725821987634197
2024-10-09,0.2207044637584994,0.14351282824524048,0.2758646884941902,0.13260007514481353,0.2795362280579279,0.22568953726770014
2024-10-10,0.219372263276445,0.1423242333489667,0.2734907970507474,0.13045952193412158,0.27632523326805747,0.22354427126205745
2024-10-11,0.22914508123936095,0.14884391597955138,0.2836605605589324,0.13857604330182904,0.2865978125130886,0.23087100882070177
2024-10-14,0.23389449135142382,0.14941579364468072,0.28579188576363657,0.14040445924286948,0.29234210977943076,0.2409376335045157
2024-10-15,0.22627918820935178,0.1540761180816399,0.28358544654956286,0.1410313966721366,0.2918292260658373,0.23129604055752928
2024-10-16,0.23379106096501423,0.1583592801999234,0.28500579571788043,0.14574348342033927,0.2923391671242084,0.2366477629182797
2024-10-17,0.23154569883193754,0.15397388452837868,0.28543408067707676,0.14124723927032345,0.2942070415725748,0.23675385549622407
2024-10-18,0.23691509301775837,0.15820383995808318,0.29229253510152575,0.14533862214018933,0.30207009243920635,0.2415109567374476
2024-10-21,0.2299966682619461,0.1492737863466831,0.2865933384092716,0.1357440587069978,0.29734047724031365,0.239472180164779
2024-10-22,0.22482557200772235,0.1456152571330045,0.29457579103277265,0.13069058703638992,0.3046236252811003,0.23881392995548767
2024-10-23,0.2183487794144534,0.1419718343777192,0.28204905922700485,0.1243318420985644,0.2905335119211905,0.2274944339428555
2024-10-24,0.21523853260405978,0.1434555187964739,0.28127995899104996,0.12639982993805843,0.2887877793623961,0.2301491295216458
2024-10-25,0.2121928338108634,0.1396779256327414,0.28375819119549295,0.12217688219887313,0.29126963377835247,0.22972423006982834
2024-10-28,0.21593733895379374,0.1397027634729857,0.28597963914809843,0.12303745213422967,0.2952412228976955,0.2335258366845021
2024-10-29,0.2104725851451954,0.140216769965527,0.2948298563850582,0.12039106747728523,0.30296158293805053,0.235522149768991
2024-10-30,0.20645304509589724,0.13989707742807145,0.2727259902155641,0.11976587768567182,0.281486550689652,0.23178443681410155
2024-10-31,0.19422023858959325,0.13602279696089647,0.2458505867930516,0.11512204597507836,0.25234147950797525,0.20763766024593044
2024-11-01,0.192946802625672,0.12834773661138743,0.2384299013902038,0.11082902961221675,0.24443668030470156,0.2127344693925921
2024-11-04,0.19272896031828401,0.13240877411394059,0.23404124809270388,0.11413924352856375,0.23857160525531795,0.21012223730198176
2024-11-05,0.20187506200751915,0.1370144191266982,0.2392101070856243,0.119991109935764,0.24363712747912403,0.22475494367271542
2024-11-06,0.21197797032662802,0.12414713348169193,0.22300993497315025,0.11370626528961347,0.23414536560358257,0.25520906951319655
2024-11-07,0.2182946497171414,0.13187749220962086,0.24347921818752405,0.12172392559514433,0.25399666511980246,0.2649145561199675
2024-11-08,0.22471727502934136,0.13632271719205558,0.2530376068621565,0.12683617065294706,0.26552318299524447,0.2703938012302669
2024-11-11,0.2216144823479247,0.12850181095898372,0.24150958366168207,0.12307276420090729,0.2548390744967499,0.27160434135591527
2024-11-12,0.21443398222955712,0.11931878093350257,0.23320293910987777,0.11310919803210062,0.248790572193202,0.2676541786751172
2024-11-13,0.2141230229322857,0.1150884012179989,0.22699762845806393,0.10822863666248717,0.2453777245821176,0.26827009768123866
2024-11-14,0.20858496073924004,0.1129380558202806,0.22040846918724988,0.10513121065400344,0.24037236249829919,0.2601149913905638
2024-11-15,0.20025577285132634,0.11248372318103783,0.19621665068997962,0.10466482237901942,0.2153881753864797,0.2439745004769236
2024-11-18,0.20364549162101508,0.11891094631547072,0.19732228994248002,0.10836903853434232,0.21694593348987068,0.24907144190859531
2024-11-19,0.20480558997374954,0.12217335086580983,0.20240388107154272,0.11100896648641045,0.22139632786840147,0.2536376558805249
2024-11-20,0.20853929264826854,0.1239823626382468,0.21314584454844088,0.11028314311760079,0.23100373301556387,0.25406229076232245
2024-11-21,0.21392757271116825,0.12906590320890277,0.2140448287850658,0.11509542767609737,0.23121746920052488,0.2607944072014401
2024-11-22,0.21908695820504676,0.1361911933092912,0.2212215775680999,0.12078529841722396,0.23807758759274278,0.2647022386790683
2024-11-25,0.22670506693813985,0.13859351376087203,0.22331410567190968,0.12336642935321507,0.24192239839556273,0.26899237383532415
2024-11-26,0.23447576676113058,0.13980282048243642,0.24338725884765977,0.12300689550794486,0.2632079671413119,0.27561813312647754
2024-11-27,0.2350676219522594,0.143135110335866,0.24181047337555084,0.12721809760197766,0.26174813841821476,0.27175302970704895
2024-11-29,0.24065756859832743,0.15008523992394007,0.2513088717444538,0.13429335057197433,0.27102670613787994,0.27965322278363525
2024-12-02,0.23882142271119533,0.1462550874947175,0.2553325555295447,0.13214608563976205,0.277120332969395,0.28194678028538256
2024-12-03,0.23644637632323184,0.14255630673455189,0.2620640824877105,0.12750417848381046,0.2854344566998561,0.28254140140490924
2024-12-04,0.23594633500084083,0.14381175503339483,0.2741917120935615,0.1302264818254606,0.2963190580140038,0.2905054881412801
2024-12-05,0.2349516639089293,0.14327917839177284,0.27179587088603574,0.13216219437095944,0.29583442447456965,0.28838152002223194
2024-12-06,0.23192895923333023,0.1431916857381823,0.27254807825895644,0.1315727426596418,0.2974044549985564,0.29082403044513305
2024-12-09,0.22970124424263383,0.1403088662232339,0.27036448754091613,0.12706468339906674,0.29508399284457787,0.284176708697365
2024-12-10,0.22759322639352408,0.14190163456645521,0.27044573033941766,0.1267714708298231,0.29683981858702935,0.2801842148133973
2024-12-11,0.2246058761745504,0.13940637386549493,0.271819127358943,0.1240295509037812,0.29839083609209993,0.2900805886894626
2024-12-12,0.21676074910493215,0.12981182849479067,0.2598342419322113,0.11497189940787589,0.2898927734399084,0.28343353151171446
2024-12-13,0.21462789447319208,0.12270198529804932,0.25639112744326265,0.10911104544733208,0.28770590555088016,0.2831786182976259
2024-12-16,0.20987679816534577,0.12024513178807328,0.25707250422780326,0.10864854316532147,0.2902849289303855,0.2886578634079253
2024-12-17,0.20714978777473192,0.11908594365508751,0.2584322047391572,0.10736845377497306,0.29395855248136193,0.2833483399653349
2024-12-18,0.1824114780038344,0.10313326776568377,0.23192329838158132,0.09019745159074777,0.264399874740072,0.24510024591122193
2024-12-19,0.17838173140457547,0.09807819715012056,0.22786039340819753,0.0870079380815012,0.26388848865747994,0.24471794223259424
2024-12-20,0.18988578104825815,0.10502872139884589,0.2403647716531061,0.09362529500805006,0.2782507884675618,0.2596682649121118
2024-12-23,0.19350171013256623,0.1017103618270414,0.2490606245988216,0.09174105005837441,0.2885572463241255,0.26721142074696225
2024-12-24,0.20067732274808736,0.1047888070610592,0.2543215555879368,0.09610119657653837,0.2961823953644511,0.28129646717668577
2024-12-26,0.20174827330001177,0.10748375539075594,0.2558745657345809,0.09857128672267867,0.29781286933955875,0.2813816587230651
2024-12-27,0.19348924271973544,0.10183386244657,0.24201542794911468,0.09357031867399623,0.28221930717637433,0.26789334997302694
2024-12-30,0.18481684256913633,0.10105936789614911,0.2332672100834059,0.09106368605937032,0.2704218073435338,0.25342454472956666
2024-12-31,0.18544340400880932,0.10252195916926032,0.23084949192157667,0.09123928797520975,0.26709797207959274,0.24886468043811272
2025-01-02,0.1821939054898125,0.10621174648152132,0.2311911059165488,0.0914698074411382,0.263315678479638,0.24579606506332707
2025-01-03,0.18825953519916916,0.10405965601244849,0.2323679928591489,0.09115627957314798,0.26522942422410756,0.26137275726474885
2025-01-06,0.182269162028184,0.09729429286951352,0.2280396611551958,0.084360851423388,0.26145110436557717,0.2686391728588762
2025-01-07,0.17667974987577373,0.0943482318097002,0.22675360304618963,0.08186427379375383,0.259280965514753,0.25429841950500465
2025-01-08,0.1806792485397719,0.09747150353325496,0.23534952019671773,0.08474768977158242,0.268178099397949,0.25613083146222015
2025-01-10,0.16564066942689637,0.0933508420119935,0.23359908349598624,0.07673969558311167,0.26326709357489175,0.23695281215112218
2025-01-13,0.17340185936481256,0.0945388268114884,0.22886045064927885,0.079348507620282,0.2566024477064257,0.23887081250974673
2025-01-14,0.17506567914900706,0.09599042522073997,0.20983939662422357,0.081693789287554,0.23585944657856373,0.24057530486238354
2025-01-15,0.18832697816648136,0.10575176452951096,0.22425174343423038,0.09218879398782853,0.2531405670147724,0.26314140784718965
2025-01-16,0.1885767446249338,0.11095018665234302,0.22350379703828605,0.09693458915910735,0.246967986718023,0.26071225821028876
2025-01-17,0.19375724593976362,0.11194674881828948,0.21333417070442406,0.09967834164389977,0.23850620114286158,0.2733698170981185
2025-01-21,0.20599104621110165,0.12333589669932987,0.22236232807436052,0.11263394706251884,0.24153661522698466,0.2850255816059313
2025-01-22,0.20605453201946466,0.12258153620910828,0.2364876866322425,0.11151176403681173,0.25714760091123967,0.292249269141859
2025-01-23,0.2129516516390808,0.12202843708808331,0.2415588906797015,0.11231287261117107,0.2627803912324751,0.29930244130001826
2025-01-24,0.2180809395910157,0.1261893767042923,0.25011219737153456,0.11502065836717446,0.2701040884884369,0.29550943321098844
2025-01-27,0.22830864715247978,0.13381453685656042,0.2580679804249253,0.12275222629059557,0.28406724532150074,0.27718399078873346
2025-01-28,0.2203250010107225,0.12909205748081432,0.2712944701597373,0.11240516335715478,0.3026709029123542,0.28815795835549163
2025-01-29,0.2189234594819094,0.1271137725735434,0.2685197103207746,0.11076677854370787,0.3004542549151348,0.2823830562480525
2025-01-30,0.2201916090811138,0.13270445486464055,0.26554333202847347,0.11947378105474726,0.2981949175417773,0.2892658453134529
2025-01-31,0.21504714914392098,0.12917958300420307,0.2587226694715212,0.11516845647585061,0.2908354850984256,0.28240461870466715
2025-02-03,0.21207257033641613,0.13338790344087648,0.2515663951500029,0.11584280862594243,0.28032527119588324,0.2737744769434207
2025-02-04,0.2175546531234882,0.1377695231130196,0.2658256570687363,0.12020552307227717,0.2966031928104753,0.2823195594432977
2025-02-05,0.22079972847353546,0.14676640761062187,0.27602947205481887,0.1281054044741572,0.3070812474043545,0.2875186249026167
2025-02-06,0.22469453596950384,0.14740071056267645,0.28844295804398223,0.1302735684801557,0.32057282257694864,0.2919935622177112
2025-02-07,0.21665559530899792,0.14455030988386008,0.2831115710235437,0.1256400892502023,0.31243583919950413,0.28016728233212995
2025-02-10,0.2232786286614803,0.1484297485989139,0.28612665292821005,0.12815390335980426,0.31421938001177385,0.28886105318314126
2025-02-11,0.22990897576842784,0.14881352465987518,0.28623054235573586,0.12940293028988248,0.31861060085044834,0.2898412851065435
2025-02-12,0.2238749053037099,0.14325639046840166,0.28812539150616456,0.1248354031536707,0.325483022264057,0.2856862129454014
2025-02-13,0.23222380226270212,0.15336920412706867,0.2982928353139689,0.13291751621461123,0.33707245081410697,0.29925984552682894
2025-02-14,0.22329504909985531,0.14712860504425462,0.2859276879376269,0.1256317158330562,0.32651899558500364,0.29919581958203456
2025-02-18,0.22703135877930736,0.1506815493708058,0.294623370903631,0.1294546227251847,0.33629292829845037,0.30300999327264955
2025-02-19,0.2328611311390434,0.15438887259706413,0.30158407384597674,0.13079727754741266,0.34328927009664545,0.30607860864743497
2025-02-20,0.23165458427500707,0.15567143713608567,0.3056868568594051,0.1306230882317727,0.34549440651431307,0.3006450018655529
2025-02-21,0.22425069196037062,0.16086284145445773,0.3013606501196733,0.1352059228143898,0.3411515654523898,0.27839863174968893
2025-02-24,0.22185428114693106,0.16406688044231021,0.3053885569619528,0.13526160117186392,0.3452282752340481,0.2725812661540701
2025-02-25,0.22735817675678094,0.1693467498235599,0.3089823241984784,0.1426025129646955,0.3474032995962828,0.2662523544251454
2025-02-26,0.2240376052671309,0.17005124028767282,0.3107028092949693,0.14310555522974888,0.34541803660405623,0.2668916878780203
2025-02-27,0.21741119638458462,0.16398407757371758,0.294665395397095,0.13856998710441726,0.3299439013060159,0.2466696752687454
2025-02-28,0.23043513454450326,0.1693726825939137,0.30680415229194336,0.14555554282324135,0.3460727486472599,0.26612469939058614
2025-03-03,0.2254367207173844,0.17619122855550784,0.30559525401699283,0.15070131388621721,0.342324934565825,0.24394222293450674
2025-03-04,0.21278585426689167,0.16807116274588263,0.2976337599388663,0.14182861839024596,0.33028003690123686,0.22921797533691834
2025-03-05,0.22286246876198335,0.1688355820410392,0.3119511129869379,0.14838253267699075,0.3439880311580008,0.24242914699120388
2025-03-06,0.21705457712786336,0.1681343946373235,0.3020064638090525,0.14318094921517588,0.33102076426341065,0.22037472242471345
2025-03-07,0.22542720834365748,0.17136308967435743,0.2892203485455249,0.14538562057307414,0.31769042570551265,0.22721478343191426
2025-03-10,0.21246190456409786,0.17087322811338912,0.25630566983100667,0.14052124284125078,0.2757560624644053,0.19452728976919298
2025-03-11,0.1975924890840577,0.1619582440299896,0.2505900346946135,0.1335560582559001,0.2646956227134958,0.18459705093059187
2025-03-12,0.1914802727481999,0.15631149159623692,0.24798391499670314,0.1283821141734791,0.2603606149235418,0.1908833668863268
2025-03-13,0.18449030949512002,0.1653748625987277,0.23783721867485141,0.1319350574644913,0.24356483797168327,0.17500850427257753
2025-03-14,0.19880640149410955,0.1661449401822841,0.2511662871810547,0.1359624583097334,0.26067485675460733,0.19927909961002044
2025-03-17,0.20630268174654098,0.1719302714902451,0.2590818619269706,0.14299086001489458,0.2683601439635128,0.20852701236752735
2025-03-18,0.20172233491121494,0.1759076646651656,0.257474399814422,0.14406750542176772,0.265967844946293,0.19546492591940567
2025-03-19,0.20979305705317763,0.180833201584103,0.2698698291706614,0.14979803347016785,0.28071031713781336,0.20848428430932775
2025-03-20,0.20935599135463745,0.1798400768962256,0.2699310374408579,0.14723688493294818,0.2802999142600304,0.20498984348765537
2025-03-21,0.20530454697403822,0.17290033707323516,0.27059194031070466,0.13747178053127862,0.28432254344058383,0.2053873599424223
2025-03-24,0.2138187806333176,0.1688904065315302,0.282003346416035,0.13562035998972322,0.3000028737485354,0.22697402471388584
2025-03-25,0.21456915167258805,0.17054017207610994,0.28257829871818907,0.13786562688547765,0.3025885986336101,0.2299233190097365
2025-03-26,0.2138147365199723,0.17026378541996112,0.26701149429489246,0.13643982865570403,0.28596175760073095,0.21524021205022859
2025-03-27,0.2163098407923303,0.1742498665807115,0.2708596433914523,0.13782397327768936,0.29097455427182695,0.21201298694856585
2025-03-28,0.2049379603535859,0.1792932611514566,0.2631628559166532,0.13826693556256786,0.2773838604429235,0.18760507977084062
2025-03-31,0.21385266311637463,0.18960819918896776,0.2724702364767675,0.14568213711322264,0.2889582511110167,0.19557723589281562
2025-04-01,0.21523752399369678,0.19194948575156645,0.269791238169657,0.14819722848115058,0.2855204005800671,0.19895420762569183
2025-04-02,0.21821248642648516,0.19186981140127335,0.2766751188673833,0.14973267833954207,0.29256432582115033,0.20654141436884088
2025-04-03,0.1907643748707537,0.18903886529231895,0.23740156655344524,0.1434828538731563,0.2410445720407417,0.14708234497139694
2025-04-04,0.1326119191835835,0.16536506832672693,0.18803826079521357,0.11195245771943751,0.1793129441455057,0.07992858726025553
2025-04-07,0.11777733909896115,0.14444221498603005,0.1624729173074928,0.09327100172720226,0.1553177003423718,0.07800509707371983
2025-04-08,0.10951103775287852,0.1394400146310104,0.15148292536784225,0.09018862042200393,0.14004156314221272,0.06112050297935934
2025-04-09,0.17735300252400732,0.16565412379426525,0.22351849419206204,0.12447787152354772,0.22847754274723697,0.1725587181741317
2025-04-10,0.1567088642177552,0.16034858652184147,0.19969990500750967,0.11392063406196717,0.19835135887926048,0.12117816204662724
2025-04-11,0.17745796215558185,0.17447496211759894,0.22240684943175681,0.13058640193636317,0.2267423286755912,0.14118309495464665
2025-04-14,0.18617512566912353,0.1797601290548665,0.23545370184785108,0.13676878710936102,0.24148505870380843,0.15225429200368557
2025-04-15,0.18339688835349,0.18165295499580258,0.23653221794067192,0.13752589704999552,0.24228379065456496,0.14902706690202305
2025-04-16,0.17132914390314746,0.18971818022752318,0.22362345158971308,0.14108234801548147,0.2206331418663292,0.1234865354694843
2025-04-17,0.17158028957964966,0.19187750133820924,0.2644182329403131,0.14301963187989397,0.26483296389207855,0.12508943293451336
2025-04-21,0.14951326812571986,0.18773725000593644,0.25304335064341443,0.13529821399006625,0.24945310587858804,0.09830932481665178
2025-04-22,0.16971780225867739,0.19092185365192926,0.26486234636424566,0.14427109582163644,0.2682629962413794,0.12688480508895528
2025-04-23,0.1772112109112527,0.18734890953485572,0.2689160675729494,0.14583146981526696,0.2774383281244108,0.14434629411151523
2025-04-24,0.1893154149237093,0.19712763935300015,0.2990454936265161,0.15278271495649864,0.3075977940582477,0.16843367471023862
2025-04-25,0.19208199899474798,0.19731880308214533,0.3091037634720184,0.15741531807226394,0.31857319698017483,0.17687583947240904
2025-04-28,0.19490596351939216,0.20476389643984882,0.3126847339824397,0.1625053738547324,0.32130312483837553,0.17732455022600946
2025-04-29,0.1988084127493559,0.20704090416239906,0.31606458933007064,0.16552469694490113,0.3267757245241716,0.18474110930637977
2025-04-30,0.2001028315231803,0.2051990534490964,0.31978226675257937,0.16357252356607654,0.3326221292341711,0.18521138251659508
2025-05-01,0.1945794565935859,0.1918720174678703,0.29046974294300654,0.15522796660909477,0.30590191574143,0.19361068693555583
2025-05-02,0.2035933911104708,0.19199221484134688,0.30040712790107804,0.1579222711161694,0.3125728098295122,0.2113289411623429
2025-05-05,0.19884675750607061,0.1967533639171941,0.3026875543696559,0.15950726026970785,0.3092268935565814,0.20438305214721741
2025-05-06,0.19437204360152172,0.2050228885432286,0.29174526664671374,0.1615468881333546,0.2952424773865838,0.19431603060837377
2025-05-07,0.1954911531393866,0.20237406167411098,0.28585789976858655,0.16098203695909663,0.2893483867451614,0.1993388924344981
2025-05-08,0.1953008682564623,0.19178295387938182,0.271289221322357,0.1549991489400493,0.2784154059017945,0.2076956010802693
2025-05-09,0.1969395230518851,0.19355004871267956,0.26809483853839433,0.15614343425984623,0.27518403286726856,0.20615686184504467
2025-05-12,0.21460837562405666,0.18533045817948812,0.28633220166528917,0.15610791398109347,0.3032598989577804,0.2460172455998899
2025-05-13,0.2060260621596115,0.18284526940868284,0.2851623640062211,0.15223567642965552,0.30379521569063406,0.2542457700710625
2025-05-14,0.1985851395224556,0.17162711401154884,0.2648062415278152,0.1445531991049387,0.2860743582743568,0.2558487998211012
2025-05-15,0.20692599577168846,0.18752255967575593,0.2779576755492099,0.1598453624224121,0.29915245212750796,0.26198272344542484
2025-05-16,0.2167319446399114,0.18800594753263877,0.2870961658381421,0.16141937504207604,0.3084600408707834,0.2699761774539946
2025-05-19,0.22203290422066613,0.1915991278055229,0.2901069099375473,0.16487336598909508,0.3087729115640414,0.27136543462802565
2025-05-20,0.2208333422796085,0.1941824372919576,0.2891655601403913,0.16689595051343553,0.30598695911997376,0.2670909091029383
2025-05-21,0.20060309365865026,0.18579562584201437,0.2709089390013526,0.15764591447276133,0.28448431244604033,0.24573944707908768
2025-05-22,0.19342063999277226,0.18355371301329027,0.26523525065742404,0.15738209927770375,0.27826969649701083,0.24623101817589754
2025-05-23,0.1918526353476857,0.1910880921465412,0.26374646416969316,0.1615686558915086,0.2708198467083871,0.23772443061390303
2025-05-27,0.2061107788572758,0.1953103817267754,0.27617463420061417,0.17049644667980424,0.28752981121631493,0.2634575690208649
2025-05-28,0.1998575783761667,0.19007470060996057,0.2707635809643121,0.16448542576359437,0.28253378354268244,0.25614789622849843
2025-05-29,0.20694589001454866,0.1971594179803544,0.2759539370827797,0.1712312718387341,0.28666544662848503,0.26110659982481854
2025-05-30,0.21277312664049264,0.19946252244175566,0.2819402568315217,0.17424563796736514,0.2944243559353994,0.25969578019417305
2025-06-02,0.21656363928507094,0.20386794157434052,0.29421960059412333,0.1760561636761493,0.30653842150097765,0.2667916804105319
2025-06-03,0.21704156821896814,0.2004066899142234,0.29528558005960615,0.1735453941990608,0.30912904804433516,0.27401563251647953
2025-06-04,0.21837455363877578,0.2072403157534597,0.30630143599737614,0.180644465646973,0.3184048986721211,0.2736736757658731
2025-06-05,0.2149859957030975,0.2032474033386944,0.3038833923437385,0.17592232903220917,0.31479338288870773,0.2675181896849348
2025-06-06,0.22521138363177884,0.19808971429990274,0.304573461797899,0.17368171196064597,0.3198726844590798,0.2805342409496092
2025-06-09,0.22694891991536337,0.20009506644576747,0.3073454938002107,0.17457768843040466,0.31965323022281966,0.2816885599460477
2025-06-10,0.23572068907826305,0.20510788793799595,0.3229154068446325,0.1781229064098413,0.3365592708509495,0.2889552401101949
2025-06-11,0.23402644199213674,0.20577883469050584,0.3237402060322194,0.17560551385194123,0.33366127977769744,0.2852791719699219
2025-06-12,0.24107011548665525,0.2144749637459209,0.3340738330346624,0.1855430167237051,0.34261927876015763,0.2903872253424258
2025-06-13,0.2346988670086958,0.21429747390704712,0.33472092472348147,0.18154601981065865,0.33829389963132206,0.2759606190171253
2025-06-16,0.2337284312072927,0.2050141153862628,0.3282448347393656,0.17580163151216954,0.33562171630850646,0.2881002820911738
2025-06-17,0.22836684720216627,0.20722340293622454,0.31956083161369664,0.17763722794850345,0.3252219281046551,0.2770936401269688
2025-06-18,0.2230663900674572,0.20521098615841504,0.31765249139441276,0.17509198623611688,0.3220549148836396,0.27690090086753605
2025-06-20,0.22082893514349622,0.20482354466418862,0.311178231763634,0.17407499553970962,0.3182794259638573,0.27390213197798063
2025-06-23,0.2277381746125018,0.21064195528216456,0.3211221587749502,0.18062487568439245,0.32893868706314233,0.2864850821202234
2025-06-24,0.2333977492979733,0.2096304277671288,0.32208449844074694,0.18279897635672282,0.33059067301933065,0.3006971221594563
2025-06-25,0.22933725687783157,0.20976021596078764,0.3311172932815769,0.18224369869821055,0.34003543879718445,0.3014258802790275
2025-06-26,0.23714929692957787,0.21331543122973828,0.33600591948332426,0.18702346739893905,0.34382454165348975,0.31160812206149924
2025-06-27,0.23925698686268193,0.20603442210388234,0.320714438332508,0.18366976946355296,0.3298833812186577,0.3181244816494604
2025-06-30,0.2453950201053119,0.21635247812167901,0.33321679225606093,0.19121218222250858,0.34439504319326053,0.32442680409139424
2025-07-01,0.2562021645458852,0.221731103067615,0.336091710354816,0.1948781927086205,0.34739608654095866,0.3239982006592994
2025-07-02,0.25574947469562703,0.22144721755855867,0.34313913782539673,0.19394444937166377,0.35671504055677583,0.3300003684137567
2025-07-03,0.2616913557323288,0.21817620472450283,0.3446103089769246,0.19318739734924528,0.36186348991236494,0.3404825003136849
2025-07-07,0.2535583148814977,0.2119132624116682,0.3350358237963078,0.1875081904964091,0.35055792973990285,0.3304931300756557
2025-07-08,0.24887805203197266,0.2065866738107267,0.3335463821382809,0.18110908725455088,0.34749135420432986,0.3297645042410946
2025-07-09,0.253965158359041,0.21140722302567605,0.34564376459768664,0.18611673493919478,0.3590764841676588,0.33773864463821823
2025-07-10,0.2583336083126446,0.2144182250790716,0.34924965461673296,0.18919266465559037,0.3630776761679857,0.34151141312073263
2025-07-11,0.25637509601399633,0.21082946464252905,0.3506753670976739,0.183938399219715,0.36262352972711587,0.33679558480259963
2025-07-14,0.2555136178307915,0.20886318311114072,0.3491564480576008,0.1832462399328243,0.36081587413088334,0.3393463043636038
2025-07-15,0.24652527076669517,0.20177340327342375,0.3361755742229027,0.17641058158492884,0.34839467571831806,0.3336229934100281
2025-07-16,0.2508023582820369,0.20530696671121862,0.3480667732138396,0.17995643907263426,0.35964724407049253,0.3380815273838944
2025-07-17,0.2519508259580123,0.20495962950465763,0.3382148349622247,0.18206735381081218,0.3500856565805972,0.3462701017820755
2025-07-18,0.2493389563568913,0.20552317073937276,0.34356702841581166,0.18232184395236906,0.3566339873841473,0.34528418160324725
2025-07-21,0.2548906293111086,0.21598781615639795,0.3469092631012598,0.18724831312372991,0.359556517768435,0.34783503344926126
2025-07-22,0.25595702963083866,0.21847019382436295,0.35835222462445615,0.1820086293857197,0.37012306321254984,0.3480280372787139
2025-07-23,0.260880573190831,0.21629231157312256,0.3647561697463175,0.18639067150075705,0.3777076272961475,0.3594962216424802
2025-07-24,0.25939406891424177,0.21489461636084717,0.36674275188568384,0.1843411547155691,0.38012415205890826,0.3599462552461796
2025-07-25,0.2619020096432285,0.21510453637276794,0.36958998882995475,0.1854663817825999,0.383721919030785,0.36569126094138005
2025-07-28,0.25671571505828106,0.20846182066242647,0.3640344810319067,0.1790348388980305,0.3788597482136562,0.3653483781957041
2025-07-29,0.25093532998180335,0.21458149813983174,0.34495611682167526,0.18261555997500922,0.35663604880453037,0.36174718337103773
2025-07-30,0.24551827470368082,0.2057565203669891,0.33586744749614583,0.1747903945449183,0.34761128760195525,0.3600322405026186
2025-07-31,0.23949170957788724,0.20595500299346092,0.3360864988868957,0.17140354853040285,0.3454269964517145,0.35493040452558033
2025-08-01,0.22735249073231856,0.21759004774748858,0.3451208866192328,0.1775214199261852,0.3477196204203523,0.33272252934759905
2025-08-04,0.2342961462941182,0.22205936107526525,0.35675967551415755,0.18400613892595885,0.3602203554330572,0.352979729769509
2025-08-05,0.23582033698598215,0.22260682562598744,0.353063635827801,0.18517313339172103,0.35407215665765013,0.34612009058084214
2025-08-06,0.23881677106421173,0.22046437980608458,0.35102723787636436,0.1878276004324464,0.36037961128469,0.3564309133929424
2025-08-07,0.23166242751361832,0.21837975016270939,0.3091668927650759,0.18506010494471936,0.32103933575960153,0.35529471744286134
2025-08-08,0.2352710111647882,0.2162181965172556,0.3095357939484322,0.18330385281209183,0.32805200364924314,0.36586270231421847
2025-08-11,0.2334748995632443,0.2134615703384961,0.3072453654949825,0.1829501557402382,0.32671987701162397,0.3631618392669711
2025-08-12,0.241316687322094,0.21394641162051786,0.31431828973446496,0.18647560101763982,0.33570613229063206,0.3776740339936808
2025-08-13,0.2526965342084231,0.2213834566644335,0.327792712615637,0.19417355092038546,0.3504768521538817,0.3823901268818337
2025-08-14,0.25414083947510524,0.2164520152050584,0.3373356727561172,0.18931937903367468,0.36157849265691144,0.3825185756264522
2025-08-15,0.2646805863151238,0.21600855541954322,0.3431304981979997,0.18821560510578084,0.36663975486219247,0.37928182600407645
2025-08-18,0.26562218514332536,0.21563073949735978,0.3396114310031775,0.18885009996605517,0.36199776452401133,0.37898153903159026
2025-08-19,0.26770095498977353,0.2189016447413088,0.3383409229389749,0.19139883194693885,0.35980120305539587,0.3715004248663858
2025-08-20,0.26828631670559955,0.22469579842783038,0.3380442400774335,0.19629369135869612,0.3559363283998047,0.36785623741349993
2025-08-21,0.26658890034624627,0.2213959005418904,0.3366136505962545,0.1929996753750487,0.3545801868313687,0.3623687906325863
2025-08-22,0.2803041977278784,0.2291061388402893,0.3487719891208456,0.202263778099129,0.3664466520005989,0.3832903263742433
2025-08-25,0.2721195903202691,0.2244255996136595,0.3374509270633559,0.19651939548779485,0.3550557197887896,0.37720243793336716
2025-08-26,0.2769853959380568,0.22909289842801628,0.3601717190626659,0.20157411100030753,0.37990510483310214,0.38296874151516236
2025-08-27,0.2799570561749316,0.2308009664139865,0.3631917638598099,0.20184537232598054,0.3833020329688339,0.38611990273612906
2025-08-28,0.28119695079545637,0.2345019635167105,0.36899206960599473,0.2052795438786732,0.38942247661106033,0.39102860259870464
2025-08-29,0.2811595491413825,0.2356501470048329,0.3679470301380916,0.20492079659121853,0.3899964347292888,0.3827330096275101
2025-09-02,0.27757369521510067,0.23862204147889954,0.37279441856691964,0.20437849009745435,0.391962181139226,0.37248660961523394
2025-09-03,0.27931871808204534,0.24420742189545996,0.38627049289895865,0.20863976710583398,0.409507915512334,0.379924863437229
2025-09-04,0.2882956952587883,0.24954440923531362,0.3915202465441949,0.2154527775045938,0.4153842018433407,0.39145733831580976
2025-09-05,0.28534777691592295,0.2580800733620645,0.3863138036527458,0.22189468299179516,0.403939467449715,0.3874274077740385
2025-09-08,0.2863080815855805,0.2634860037088158,0.39772346666000824,0.22717276591377256,0.41225299272933724,0.3908357310542625
2025-09-09,0.29406022327600057,0.2625410771120753,0.3987110906432403,0.22655398377397895,0.41297254704994324,0.3940511827900435
2025-09-10,0.29313030231758797,0.2669117349889536,0.3975367341144753,0.2300703058612561,0.40562343981267324,0.39808111333181495
2025-09-11,0.30389809970430726,0.27307477244326406,0.403529376958776,0.23850998413975044,0.41372943682645213,0.4096995734668343
2025-09-12,0.30375661384863983,0.2714870941213694,0.4106390679177634,0.2364422039887626,0.42313712106434465,0.4092278451215101
2025-09-15,0.3073504758854766,0.2757773868690867,0.4166566905561979,0.2405217276298255,0.42951541687103556,0.41673052174332925
2025-09-16,0.3088366245891505,0.2786698049247336,0.42461823643537766,0.24318568392622208,0.4376803195237282,0.41477971470224806
2025-09-17,0.3137087428879195,0.2778493830516233,0.421883906299799,0.24336687856380435,0.4364616477266108,0.41302204377562934
2025-09-18,0.30999706396316085,0.27131838892616633,0.42048104624276994,0.2377517336253816,0.43222830052819194,0.41962438862002926
2025-09-19,0.31279619279997295,0.27254557305069405,0.42975938558285964,0.23746961676155176,0.44629623568695265,0.42665560146654413
2025-09-22,0.31737523499144427,0.27521880439949054,0.445377443632222,0.23888365770378406,0.4659158396232852,0.4334050472419595
2025-09-23,0.31685889083360785,0.2800295511412465,0.4405953925328212,0.24197164511320746,0.4581679746043701,0.4256024805026839
2025-09-24,0.3154261627651882,0.2749038154161312,0.43268277021313595,0.23793028134429273,0.45032901812663395,0.42106655979802277
2025-09-25,0.3105041136311615,0.2742462179121874,0.42249788248750564,0.23518997195251035,0.4424146088532692,0.41451064699209983
2025-09-26,0.3172986965058846,0.2781085259309095,0.4303845045304868,0.23873180830547192,0.4499828569716895,0.42261442669893134
2025-09-29,0.3217831885355571,0.2861443294445203,0.4398867261501769,0.24648857297573867,0.456854832127632,0.4266126088383253
2025-09-30,0.32779593221784054,0.2918307830446423,0.4629515936551918,0.250655161330938,0.47927315545194826,0.43198642279572996
2025-10-01,0.33905931644271026,0.29542993437071874,0.49604064427459615,0.2541080428665814,0.5125837867423,0.4368660199561265
2025-10-02,0.33789981819770665,0.29357817654601503,0.49392679039818876,0.25295926081281705,0.5089703834073949,0.4385209054300483
2025-10-03,0.3479623919682351,0.2985299783042159,0.5083130948313495,0.25775374699910136,0.5235736935838786,0.4384996075434535
2025-10-06,0.3487212453617272,0.2969427289622555,0.5198529871044759,0.259327754175239,0.5340885135137954,0.44365845835976137
2025-10-07,0.35009987436629486,0.3005313927390727,0.5189490876824643,0.2610291355680985,0.5333411579983562,0.43830607457396153
2025-10-08,0.35528916220084805,0.30505697761432593,0.5303348932369543,0.2624164725496625,0.541108988621638,0.4468827731912062
2025-10-09,0.3495265714661424,0.2972381604309957,0.5224645610990664,0.2564725881306238,0.5323988275456464,0.44269119036733007
2025-10-10,0.33042337082042317,0.302305526169488,0.5048515283329715,0.2549608580604663,0.5072561560471285,0.4036983317074472
2025-10-13,0.3402633233462793,0.31082437157033205,0.5131758286267569,0.2617856109995762,0.5142665271015929,0.425236844735305
2025-10-14,0.3458451233049211,0.3170167642843933,0.5161156890849723,0.2642223886621917,0.5132828012956994,0.42349570943492454
2025-10-15,0.3498011391391913,0.3212458955466351,0.5311825726001296,0.2663622897873008,0.5271914363192602,0.4298153612131559
2025-10-16,0.34618355120943045,0.3307777650903443,0.5364023633891739,0.27070676487360945,0.524488303180898,0.4200781262040074
2025-10-17,0.3474586768517347,0.3247033251588243,0.5247745883041108,0.26891046256691853,0.5204119859615357,0.4281387809976096
2025-10-20,0.3635413387931068,0.34132628865286785,0.5536815954911873,0.28211176978695596,0.5519585466018786,0.4429921387648661
2025-10-21,0.35755914492066077,0.31923948952261694,0.5251307989783014,0.2677658269744496,0.5295679639558215,0.44297057630825143
2025-10-22,0.3522209137064727,0.317912365921621,0.5274794084689967,0.2670689538809272,0.5300841252106323,0.43546869339649175
2025-10-23,0.35370698691693225,0.31395988726949153,0.533691427072247,0.26703683798998634,0.5364669601523808,0.4439809692139123
2025-10-24,0.36093291752457524,0.3159067813762433,0.539192038337456,0.26989721252287135,0.545209001844591,0.4557819826626017
2025-10-27,0.369443538608476,0.31083831986744626,0.5389952384877126,0.26970924855381595,0.5510513036539426,0.47295681006869583
2025-10-28,0.3674516509092447,0.3093535696835543,0.5383283846982994,0.26912381843475175,0.5515999964661693,0.476869006951651
2025-10-29,0.36684739549683143,0.30626953068951335,0.5397172864726372,0.26118439455922826,0.5462436164276192,0.47757845145977584
2025-10-30,0.3630454992214911,0.3093331665082599,0.5548857684402821,0.2646313781216585,0.5626347822094906,0.4613277671328839
2025-10-31,0.3692502441147061,0.30965694275544187,0.55543467859913,0.2641558137454447,0.563341726621132,0.46612124675183186
2025-11-03,0.3679572334170418,0.3073223889815784,0.5683155621381528,0.26114586847080146,0.5754940798665475,0.46887277495787316
2025-11-04,0.36127347014700595,0.3013189104266347,0.5631228259551808,0.2559949776006383,0.5756362039388012,0.4514614219540676
2025-11-05,0.36365985578901383,0.3016704678521611,0.5731957007253361,0.2529334674554389,0.5832346836821354,0.45649142717072677
2025-11-06,0.35928884390935845,0.30601883347990966,0.5741565890116798,0.2550802076616785,0.5828694557456846,0.44086406981051107
2025-11-07,0.3632204151229803,0.307323496620308,0.5687077608430919,0.25409133764193914,0.5769041863258952,0.44228269425674105
2025-11-10,0.3732068604723646,0.3162929823254257,0.6036836697934675,0.2591868121415697,0.6099893862926153,0.4647886075620402
2025-11-11,0.38643491667292174,0.324859511410172,0.6216714306111888,0.2669444274985642,0.631336164646497,0.46814176799313345
2025-11-12,0.3911363477937453,0.3320029287913975,0.6410590672616658,0.27182540379205933,0.648397949515179,0.4689586279293019
2025-11-13,0.37612161654718923,0.32380837031007803,0.6312175525094277,0.2619234630786742,0.6392703983156736,0.44458273372397383
2025-11-14,0.37225806058055544,0.31644258914985923,0.6270477511194243,0.25784025404677324,0.6349759213409714,0.444346472696282
2025-11-17,0.3650553522323372,0.31192981795685815,0.6153488227271231,0.25277396138666286,0.6199840311847562,0.430890044633631
2025-11-18,0.35912993760573153,0.3163047124926526,0.6139747917659193,0.253569171182058,0.6171301207761988,0.4188742003288548
2025-11-19,0.35827340920332773,0.3161102184234419,0.6202751728216329,0.25334007098556244,0.6246173606041105,0.4243555619993131
2025-11-20,0.3500872151063874,0.31514859415113206,0.6115838783051315,0.2507456225757225,0.6137428732688432,0.4026452107435876
2025-11-21,0.3608154682873399,0.3191684794445493,0.6202889657223158,0.255144444401874,0.6250645790812588,0.4166171534898415
2025-11-24,0.3643473221468869,0.3217608658762765,0.6379055751710503,0.25515875214444805,0.6424879491762054,0.43746778446618895
2025-11-25,0.37636466226583964,0.32695755707200846,0.6571922976321987,0.262099056123575,0.663357357301654,0.4509883707586444
2025-11-26,0.3838894233115837,0.3334449664287231,0.6653685623199495,0.268257326592094,0.6708623733052144,0.46100538856374396
2025-11-28,0.3901434718266068,0.3370638331925506,0.6635962198148153,0.27146685443330076,0.6702315427842827,0.4689801903859172
2025-12-01,0.37849099036646616,0.3286049128232751,0.6562346792293214,0.2607216748657375,0.6650849552369105,0.4622736049537115
2025-12-02,0.3782515436690135,0.32590257936969125,0.6554209474200485,0.25929448208682127,0.6644016084321631,0.4649821405315333
2025-12-03,0.38389031828067166,0.3294932272554021,0.6441545480127,0.26418176728269027,0.6506138498032794,0.47005500609140216
2025-12-04,0.3792502891279437,0.32856664733975194,0.6351381680708836,0.2626630147927562,0.6397503119774408,0.4711298217968871
2025-12-05,0.37874451066286796,0.32659354436186083,0.6317964366521587,0.26081661323614314,0.6362272317653177,0.4739240780611278
2025-12-08,0.3706361812110641,0.3223082175085008,0.6272642738642449,0.25793348461239196,0.6320468450183949,0.4694961019245498
2025-12-09,0.3657786744779121,0.3190246975226654,0.6228263868996398,0.25512625288856583,0.6240140443539846,0.4682277532495729
2025-12-10,0.37586148880444137,0.3255912549141238,0.627383423514722,0.26326621826320307,0.6274004777234847,0.4779653851137513
2025-12-11,0.3875326404087862,0.33228720827544844,0.6413453010500578,0.27098978929454187,0.6444468849232208,0.4814045308012831
2025-12-12,0.3875277137723987,0.3333774818491517,0.64378210611491,0.27127183309963865,0.6506951630144935,0.46547635732854165
2025-12-15,0.3878915501466791,0.33652667175279904,0.6515656333474857,0.2764340970843815,0.6569194339172801,0.46326230311774785
2025-12-16,0.38090856928226424,0.3359835534336644,0.6506435350165358,0.2737896106845057,0.6549170260761532,0.45926425326336395
2025-12-17,0.37620761995092655,0.3383746127690246,0.6430913067573951,0.27429882430618013,0.6480315686057974,0.44320710190596424
2025-12-18,0.3784909611731757,0.337694787507125,0.6541681236610841,0.27459326603163725,0.6588882150490603,0.45410513787703644
2025-12-19,0.3814972254466631,0.33670317776633873,0.6632574098487218,0.2765584949712052,0.6693891430265368,0.46728442884393484
2025-12-22,0.3881781569203919,0.345744999198202,0.6721289751477988,0.28336403277841216,0.6756716587753251,0.4764253230284281
2025-12-23,0.3923295057545586,0.3509127389336908,0.6783652285017694,0.2877117871425592,0.6822384086738233,0.4831733136687346
2025-12-24,0.3985798454152074,0.35493914226060697,0.6821525232764156,0.29237076100737824,0.6875522169716657,0.48839063445942066
2025-12-26,0.39960850584908747,0.3576270307875635,0.6863028446227177,0.2931024711590291,0.6901728021267746,0.488239697263118
2025-12-29,0.3960895938882021,0.34544517528519525,0.6684433558920233,0.28772796043911586,0.6761987986977696,0.4829361266459735
2025-12-30,0.39682631724913486,0.34507423275677973,0.6682273402042087,0.2868031959102513,0.6754819791938416,0.4811251448603626
